Workbook

Sheet Sumar_Complet
A1: Echipă | C1: ELO RATINGS | H1: ELO – STATISTICI ALL-TIME | M1: AISCORE – CALIFICARI WCQ 2026 | Y1: FBREF – CALIFICARI (UEFA) | AE1: SOFASCORE – MECIURI ANALIZATE
A2: Echipă | B2: Confederație | C2: Rang Global | D2: Rating Elo | E2: Trend 1 An | F2: Trend 2 Ani | G2: Trend 5 Ani | H2: Meciuri Total | I2: Victorii | J2: Egaluri | K2: Infrangeri | L2: Rata Victorii % | M2: Goluri Marcate | N2: Goluri PK | O2: Pase Decisive | P2: Carti Rosii | Q2: Carti Galbene | R2: Suturi Total | S2: Suturi pe Poarta | T2: Degajari | U2: Pase Cheie | V2: Centrari Total | W2: Centrari Precise | X2: Faulturi Comise | Y2: xG (FBref) | Z2: npxG (FBref) | AA2: Posesie % (FBref) | AB2: Goluri (FBref) | AC2: Goluri Primite | AD2: Salvari % (FBref) | AE2: Meciuri Analizate | AF2: xG Total (Sfa) | AG2: xG/Meci (Sfa) | AH2: Suturi/Meci (Sfa) | AI2: Posesie % (Sfa)
A3: Spain | B3: UEFA | C3: 1 | D3: 2157 | E3: 0 | F3: 136 | G3: 124 | H3: 782 | I3: 462 | J3: 182 | K3: 138 | L3: 59.1 | M3: 21 | N3: 2 | O3: 15 | Q3: 4 | R3: 137 | S3: 58 | T3: 80 | U3: 101 | V3: 124 | W3: 27 | X3: 59 | AA3: 70.5 | AB3: 20 | AE3: 6 | AF3: 19.5 | AG3: 3.25 | AH3: 137 | AI3: 70.5
A4: Argentina | B4: CONMEBOL | C4: 2 | D4: 2115 | E4: -17 | F4: -29 | G4: 131 | H4: 1111 | I4: 612 | J4: 271 | K4: 228 | L4: 55.1 | M4: 31 | O4: 26 | P4: 3 | Q4: 25 | R4: 213 | S4: 81 | T4: 216 | U4: 167 | V4: 197 | W4: 53 | X4: 193 | AE4: 18 | AH4: 213 | AI4: 63.89
A5: France | B5: UEFA | C5: 3 | D5: 2063 | E5: 8 | F5: -13 | G5: -24 | H5: 940 | I5: 475 | J5: 195 | K5: 270 | L5: 50.5 | M5: 16 | N5: 2 | O5: 12 | P5: 1 | Q5: 6 | R5: 131 | S5: 46 | T5: 59 | U5: 102 | V5: 135 | W5: 29 | X5: 61 | AA5: 68.5 | AB5: 15 | AE5: 6 | AF5: 16.5 | AG5: 2.74 | AH5: 131 | AI5: 68.5
A6: England | B6: UEFA | C6: 4 | D6: 2024 | E6: 40 | F6: 44 | G6: 43 | H6: 1162 | I6: 685 | J6: 262 | K6: 215 | L6: 59 | M6: 22 | N6: 2 | O6: 15 | Q6: 6 | R6: 151 | S6: 63 | T6: 65 | U6: 122 | V6: 190 | W6: 48 | X6: 76 | AA6: 74.5 | AB6: 20 | AE6: 8 | AF6: 20.3 | AG6: 2.54 | AH6: 151 | AI6: 74.38
A7: Brazil | B7: CONMEBOL | C7: 5 | D7: 1991 | E7: -10 | F7: -40 | G7: -160 | H7: 1067 | I7: 672 | J7: 223 | K7: 172 | L7: 63 | M7: 24 | N7: 3 | O7: 14 | P7: 1 | Q7: 40 | R7: 215 | S7: 76 | T7: 231 | U7: 160 | V7: 265 | W7: 62 | X7: 229 | AE7: 18 | AH7: 215 | AI7: 62.11
A8: Portugal | B8: UEFA | C8: 6 | D8: 1989 | E8: -41 | F8: -11 | G8: -50 | H8: 696 | I8: 348 | J8: 159 | K8: 189 | L8: 50 | M8: 20 | N8: 3 | O8: 10 | P8: 1 | Q8: 8 | R8: 150 | S8: 50 | T8: 67 | U8: 110 | V8: 165 | W8: 49 | X8: 42 | AA8: 71.3 | AB8: 20 | AE8: 6 | AF8: 20.6 | AG8: 3.43 | AH8: 150 | AI8: 71.33
A9: Colombia | B9: CONMEBOL | C9: 7 | D9: 1982 | E9: 32 | F9: -29 | G9: 54 | H9: 650 | I9: 267 | J9: 178 | K9: 205 | L9: 41.1 | M9: 28 | N9: 2 | O9: 22 | P9: 1 | Q9: 37 | R9: 247 | S9: 96 | T9: 297 | U9: 201 | V9: 301 | W9: 87 | X9: 253 | AE9: 18 | AH9: 247 | AI9: 56.78
A10: Netherlands | B10: UEFA | C10: 8 | D10: 1948 | E10: -27 | F10: -26 | G10: -1 | H10: 903 | I10: 466 | J10: 197 | K10: 240 | L10: 51.6 | M10: 27 | N10: 5 | O10: 18 | Q10: 6 | R10: 139 | S10: 52 | T10: 112 | U10: 113 | V10: 183 | W10: 55 | X10: 80 | AA10: 66.6 | AB10: 27 | AE10: 8 | AF10: 19.7 | AG10: 2.46 | AH10: 139 | AI10: 66.62
A11: Ecuador | B11: CONMEBOL | C11: 9 | D11: 1938 | E11: 33 | F11: 70 | G11: 145 | H11: 600 | I11: 185 | J11: 161 | K11: 254 | L11: 30.8 | M11: 14 | N11: 2 | O11: 10 | P11: 3 | Q11: 23 | R11: 192 | S11: 70 | T11: 347 | U11: 138 | V11: 233 | W11: 46 | X11: 232 | AE11: 18 | AH11: 192 | AI11: 52.39
A12: Germany | B12: UEFA | C12: 10 | D12: 1932 | E12: 19 | F12: 13 | G12: -3 | H12: 1047 | I12: 606 | J12: 217 | K12: 224 | L12: 57.9 | M12: 16 | N12: 1 | O12: 11 | Q12: 8 | R12: 103 | S12: 37 | T12: 105 | U12: 82 | V12: 130 | W12: 30 | X12: 72 | AA12: 73.2 | AB12: 16 | AE12: 6 | AF12: 12.4 | AG12: 2.07 | AH12: 103 | AI12: 73.17
A13: Norway | B13: UEFA | C13: 11 | D13: 1914 | E13: 48 | F13: 180 | G13: 176 | H13: 888 | I13: 335 | J13: 198 | K13: 355 | L13: 37.7 | M13: 37 | N13: 1 | O13: 29 | Q13: 7 | R13: 155 | S13: 61 | T13: 105 | U13: 121 | V13: 149 | W13: 46 | X13: 71 | AA13: 57.6 | AB13: 35 | AE13: 8 | AF13: 25.3 | AG13: 3.16 | AH13: 155 | AI13: 57.5
A14: Croatia | B14: UEFA | C14: 12 | D14: 1912 | E14: -15 | F14: -56 | G14: 87 | H14: 400 | I14: 210 | J14: 106 | K14: 84 | L14: 52.5 | M14: 26 | N14: 3 | O14: 18 | Q14: 6 | R14: 181 | S14: 68 | T14: 156 | U14: 142 | V14: 242 | W14: 61 | X14: 71 | AA14: 70.3 | AB14: 25 | AE14: 8 | AF14: 22.9 | AG14: 2.86 | AH14: 181 | AI14: 70
A15: Turkey | B15: UEFA | C15: 13 | D15: 1911 | E15: 75 | F15: 162 | G15: 111 | H15: 670 | I15: 264 | J15: 156 | K15: 250 | L15: 39.4 | M15: 19 | N15: 1 | O15: 13 | P15: 1 | Q15: 20 | R15: 105 | S15: 37 | T15: 187 | U15: 80 | V15: 112 | W15: 21 | X15: 74 | AA15: 54.8 | AB15: 17 | AE15: 8 | AF15: 10.6 | AG15: 1.32 | AH15: 105 | AI15: 54.75
A16: Japan | B16: AFC | C16: 14 | D16: 1906 | E16: 49 | F16: 53 | G16: 145 | H16: 836 | I16: 409 | J16: 170 | K16: 257 | L16: 48.9 | M16: 54 | N16: 2 | O16: 40 | Q16: 8 | R16: 241 | S16: 103 | T16: 185 | U16: 189 | V16: 341 | W16: 100 | X16: 169 | AE16: 15 | AH16: 241 | AI16: 69.13
A17: Belgium | B17: UEFA | C17: 15 | D17: 1894 | E17: 47 | F17: -94 | G17: -205 | H17: 878 | I17: 392 | J17: 184 | K17: 302 | L17: 44.6 | M17: 29 | N17: 4 | O17: 19 | Q17: 9 | R17: 178 | S17: 64 | T17: 105 | U17: 134 | V17: 205 | W17: 57 | X17: 77 | AA17: 68.1 | AB17: 29 | AE17: 8 | AF17: 24.4 | AG17: 3.04 | AH17: 178 | AI17: 68.12
A18: Uruguay | B18: CONMEBOL | C18: 16 | D18: 1892 | E18: -9 | F18: -99 | G18: -44 | H18: 1019 | I18: 446 | J18: 252 | K18: 321 | L18: 43.8 | M18: 22 | N18: 1 | O18: 17 | Q18: 38 | R18: 188 | S18: 58 | T18: 343 | U18: 146 | V18: 294 | W18: 60 | X18: 237 | AE18: 18 | AH18: 188 | AI18: 52.67
A19: Switzerland | B19: UEFA | C19: 17 | D19: 1891 | E19: 46 | F19: 87 | G19: 2 | H19: 896 | I19: 319 | J19: 204 | K19: 373 | L19: 35.6 | M19: 14 | N19: 2 | O19: 12 | Q19: 4 | R19: 65 | S19: 32 | T19: 88 | U19: 48 | V19: 98 | W19: 23 | X19: 58 | AA19: 60.8 | AB19: 14 | AE19: 6 | AF19: 8.8 | AG19: 1.47 | AH19: 65 | AI19: 60.5
A20: Mexico | B20: CONCACAF | C20: 18 | D20: 1875 | E20: 62 | F20: 84 | G20: -13 | H20: 1029 | I20: 535 | J20: 237 | K20: 257 | L20: 52 | M20: 17 | N20: 4 | O20: 7 | P20: 1 | Q20: 23 | R20: 224 | S20: 64 | T20: 149 | U20: 159 | V20: 336 | W20: 94 | X20: 197
A21: Senegal | B21: CAF | C21: 21 | D21: 1860 | E21: 75 | F21: 93 | G21: 130 | H21: 706 | I21: 319 | J21: 194 | K21: 193 | L21: 45.2 | M21: 22 | N21: 2 | O21: 15 | Q21: 10 | R21: 66 | S21: 33 | T21: 76 | U21: 48 | V21: 66 | W21: 18 | X21: 57 | AE21: 4 | AH21: 59 | AI21: 63.75
A22: Paraguay | B22: CONMEBOL | C22: 22 | D22: 1834 | E22: 9 | F22: 124 | G22: 63 | H22: 789 | I22: 277 | J22: 209 | K22: 303 | L22: 35.1 | M22: 14 | N22: 1 | O22: 10 | P22: 1 | Q22: 36 | R22: 198 | S22: 67 | T22: 407 | U22: 132 | V22: 277 | W22: 68 | X22: 247 | AE22: 18 | AH22: 198 | AI22: 37.94
A23: Austria | B23: UEFA | C23: 23 | D23: 1830 | E23: -15 | F23: -33 | G23: 84 | H23: 866 | I23: 371 | J23: 185 | K23: 310 | L23: 42.8 | M23: 22 | N23: 2 | O23: 16 | P23: 1 | Q23: 11 | R23: 107 | S23: 54 | T23: 178 | U23: 78 | V23: 159 | W23: 37 | X23: 115 | AA23: 64.3 | AB23: 22 | AE23: 8 | AF23: 20.2 | AG23: 2.53 | AH23: 107 | AI23: 64.25
A24: Morocco | B24: CAF | C24: 24 | D24: 1827 | E24: 15 | F24: 57 | G24: 150 | H24: 730 | I24: 365 | J24: 200 | K24: 165 | L24: 50 | M24: 22 | N24: 2 | O24: 14 | Q24: 11 | R24: 125 | S24: 47 | T24: 108 | U24: 89 | V24: 169 | W24: 52 | X24: 108 | AE24: 8 | AH24: 125 | AI24: 63.5
A25: Canada | B25: CONCACAF | C25: 25 | D25: 1788 | E25: 3 | F25: 68 | G25: 161 | H25: 490 | I25: 190 | J25: 115 | K25: 185 | L25: 38.8 | M25: 54 | N25: 3 | O25: 29 | P25: 1 | Q25: 31 | R25: 248 | S25: 106 | T25: 251 | U25: 189 | V25: 324 | W25: 79 | X25: 277
A26: Scotland | B26: UEFA | C26: 26 | D26: 1782 | E26: 65 | F26: 13 | G26: 104 | H26: 869 | I26: 413 | J26: 188 | K26: 268 | L26: 47.5 | M26: 13 | O26: 7 | Q26: 12 | R26: 67 | S26: 29 | T26: 176 | U26: 54 | V26: 125 | W26: 39 | X26: 76 | AA26: 44.8 | AB26: 12 | AE26: 6 | AF26: 8.6 | AG26: 1.44 | AH26: 67 | AI26: 44.67
A27: Australia | B27: AFC | C27: 28 | D27: 1777 | E27: 2 | F27: 7 | G27: 46 | H27: 637 | I27: 326 | J27: 131 | K27: 180 | L27: 51.2 | M27: 38 | N27: 3 | O27: 22 | P27: 1 | Q27: 23 | R27: 183 | S27: 76 | T27: 264 | U27: 132 | V27: 284 | W27: 87 | X27: 162 | AE27: 16 | AH27: 183 | AI27: 54.5
A28: Algeria | B28: CAF | C28: 29 | D28: 1772 | E28: 68 | F28: 131 | G28: 27 | H28: 690 | I28: 311 | J28: 183 | K28: 196 | L28: 45.1 | M28: 24 | N28: 2 | O28: 14 | Q28: 16 | R28: 78 | S28: 34 | T28: 58 | U28: 59 | V28: 96 | W28: 25 | X28: 48 | AE28: 4 | AH28: 57 | AI28: 69
A29: Iran | B29: AFC | C29: 29 | D29: 1772 | E29: -29 | F29: -48 | G29: -21 | H29: 670 | I29: 384 | J29: 154 | K29: 132 | L29: 57.3 | M29: 35 | N29: 2 | O29: 22 | P29: 3 | Q29: 23 | R29: 172 | S29: 78 | T29: 188 | U29: 132 | V29: 150 | W29: 41 | X29: 101 | AE29: 10 | AH29: 156 | AI29: 55.2
A30: South Korea | B30: AFC | C30: 33 | D30: 1758 | E30: -12 | F30: 21 | G30: -4 | H30: 1052 | I30: 573 | J30: 258 | K30: 221 | L30: 54.5 | M30: 40 | N30: 3 | O30: 32 | Q30: 16 | R30: 219 | S30: 90 | T30: 157 | U30: 167 | V30: 291 | W30: 78 | X30: 147 | AE30: 14 | AH30: 206 | AI30: 72.43
A31: Czechia | B31: UEFA | C31: 35 | D31: 1740 | E31: -9 | F31: -37 | G31: -27 | H31: 884 | I31: 426 | J31: 197 | K31: 261 | L31: 48.2 | M31: 22 | N31: 1 | O31: 17 | Q31: 9 | R31: 163 | S31: 61 | T31: 273 | U31: 124 | V31: 284 | W31: 81 | X31: 156 | AA31: 55.2 | AB31: 22 | AE31: 10 | AF31: 19.7 | AG31: 1.97 | AH31: 163 | AI31: 55.3
A32: Panama | B32: CONCACAF | C32: 38 | D32: 1730 | E32: 1 | F32: 20 | G32: 184 | H32: 594 | I32: 197 | J32: 145 | K32: 252 | L32: 33.2 | M32: 38 | O32: 14 | Q32: 22 | R32: 175 | S32: 53 | T32: 225 | U32: 113 | V32: 310 | W32: 66 | X32: 238 | AE32: 10 | AH32: 166 | AI32: 61.8
A33: United States | B33: CONCACAF | C33: 39 | D33: 1726 | E33: 32 | F33: -59 | G33: -71 | H33: 827 | I33: 367 | J33: 173 | K33: 287 | L33: 44.4 | M33: 21 | N33: 2 | O33: 15 | P33: 1 | Q33: 15 | R33: 182 | S33: 62 | T33: 170 | U33: 138 | V33: 316 | W33: 85 | X33: 189
A34: Uzbekistan | B34: AFC | C34: 42 | D34: 1714 | E34: 7 | F34: 45 | G34: 144 | H34: 367 | I34: 180 | J34: 75 | K34: 112 | L34: 49 | M34: 27 | N34: 1 | O34: 22 | P34: 1 | Q34: 23 | R34: 173 | S34: 62 | T34: 174 | U34: 139 | V34: 221 | W34: 62 | X34: 112 | AE34: 11 | AH34: 181 | AI34: 52.2
A35: Sweden | B35: UEFA | C35: 43 | D35: 1712 | E35: -48 | F35: 38 | G35: -136 | H35: 1120 | I35: 549 | J35: 235 | K35: 336 | L35: 49 | M35: 10 | N35: 1 | O35: 7 | Q35: 15 | R35: 76 | S35: 25 | T35: 196 | U35: 59 | V35: 129 | W35: 37 | X35: 111 | AA35: 50.5 | AB35: 10 | AE35: 8 | AF35: 9.7 | AG35: 1.21 | AH35: 76 | AI35: 50.38
A36: Egypt | B36: CAF | C36: 48 | D36: 1696 | E36: 30 | F36: 63 | G36: 98 | H36: 885 | I36: 447 | J36: 221 | K36: 217 | L36: 50.5 | M36: 20 | N36: 3 | O36: 14 | Q36: 14 | R36: 14 | S36: 14 | U36: 10
A37: Ivory Coast | B37: CAF | C37: 49 | D37: 1695 | E37: 108 | F37: 60 | G37: 54 | H37: 693 | I37: 349 | J37: 178 | K37: 166 | L37: 50.4 | M37: 25 | N37: 4 | O37: 18 | Q37: 11 | R37: 15 | S37: 15 | U37: 10
A38: Jordan | B38: AFC | C38: 52 | D38: 1680 | E38: 56 | F38: 71 | G38: 204 | H38: 585 | I38: 207 | J38: 158 | K38: 220 | L38: 35.4 | M38: 32 | N38: 4 | O38: 21 | Q38: 22 | R38: 162 | S38: 60 | T38: 254 | U38: 115 | V38: 184 | W38: 48 | X38: 152 | AE38: 12 | AH38: 148 | AI38: 40.92
A39: DR Congo | B39: CAF | C39: 55 | D39: 1652 | E39: 69 | F39: 99 | G39: 178 | H39: 549 | I39: 226 | J39: 151 | K39: 172 | L39: 41.2 | M39: 17 | O39: 15 | Q39: 12 | R39: 20 | S39: 13 | T39: 22 | U39: 18 | V39: 16 | W39: 6 | X39: 12 | AE39: 2 | AH39: 28 | AI39: 39
A40: Tunisia | B40: CAF | C40: 58 | D40: 1628 | E40: 15 | F40: -43 | G40: -19 | H40: 777 | I40: 330 | J40: 216 | K40: 231 | L40: 42.5 | M40: 22 | N40: 5 | O40: 10 | Q40: 19 | R40: 97 | S40: 40 | T40: 109 | U40: 70 | V40: 91 | W40: 28 | X40: 115 | AE40: 6 | AH40: 47 | AI40: 60.67
A41: Iraq | B41: AFC | C41: 63 | D41: 1607 | E41: 57 | F41: -52 | G41: -23 | H41: 762 | I41: 360 | J41: 212 | K41: 190 | L41: 47.2 | M41: 30 | N41: 3 | O41: 17 | P41: 3 | Q41: 27 | R41: 146 | S41: 56 | T41: 328 | U41: 99 | V41: 236 | W41: 59 | X41: 169 | AE41: 16 | AH41: 137 | AI41: 44.81
A42: Bosnia and Herzegovina | B42: UEFA | C42: 65 | D42: 1595 | E42: 72 | F42: 119 | G42: -33 | H42: 281 | I42: 104 | J42: 66 | K42: 111 | L42: 37 | M42: 19 | O42: 11 | Q42: 27 | R42: 160 | S42: 53 | T42: 320 | U42: 124 | V42: 205 | W42: 55 | X42: 177 | AA42: 49.9 | AB42: 18 | AE42: 10 | AF42: 19.8 | AG42: 1.98 | AH42: 160 | AI42: 49.9
A43: Cape Verde | B43: CAF | C43: 68 | D43: 1578 | E43: 60 | F43: 26 | G43: 140 | H43: 253 | I43: 96 | J43: 60 | K43: 97 | L43: 37.9 | M43: 16 | O43: 10 | Q43: 11 | R43: 11 | S43: 11 | U43: 6
A44: Saudi Arabia | B44: AFC | C44: 69 | D44: 1576 | E44: -15 | F44: -38 | G44: -4 | H44: 839 | I44: 396 | J44: 196 | K44: 247 | L44: 47.2 | M44: 22 | N44: 2 | O44: 17 | P44: 2 | Q44: 29 | R44: 240 | S44: 81 | T44: 321 | U44: 172 | V44: 310 | W44: 75 | X44: 165 | AE44: 18 | AH44: 240 | AI44: 60.94
A45: New Zealand | B45: OFC | C45: 72 | D45: 1562 | E45: -40 | F45: 37 | G45: 77 | H45: 441 | I45: 181 | J45: 79 | K45: 181 | L45: 41 | M45: 29 | N45: 1 | O45: 25 | Q45: 1 | R45: 30 | S45: 29 | U45: 25
A46: Haiti | B46: CONCACAF | C46: 73 | D46: 1548 | E46: 50 | F46: 47 | G46: -17 | H46: 563 | I46: 247 | J46: 118 | K46: 198 | L46: 43.9 | M46: 13 | P46: 1 | Q46: 6 | R46: 7 | S46: 2 | T46: 31 | U46: 6 | V46: 24 | W46: 2 | X46: 29 | AE46: 10 | AH46: 165 | AI46: 56.1
A47: South Africa | B47: CAF | C47: 80 | D47: 1517 | E47: -40 | F47: -62 | G47: 32 | H47: 526 | I47: 231 | J47: 154 | K47: 141 | L47: 43.9 | M47: 15 | O47: 11 | P47: 1 | Q47: 13 | R47: 116 | S47: 44 | T47: 139 | U47: 99 | V47: 161 | W47: 40 | X47: 116 | AE47: 9 | AH47: 106 | AI47: 62.33
A48: Ghana | B48: CAF | C48: 81 | D48: 1510 | E48: 33 | F48: -28 | G48: -89 | H48: 779 | I48: 370 | J48: 196 | K48: 213 | L48: 47.5 | M48: 23 | N48: 2 | O48: 18 | Q48: 12 | R48: 17 | S48: 17 | U48: 13
A49: Curaçao | B49: CONCACAF | C49: 91 | D49: 1434 | E49: 45 | F49: 81 | G49: 2 | H49: 500 | I49: 202 | J49: 124 | K49: 174 | L49: 40.4 | M49: 16 | Q49: 4 | R49: 14 | S49: 4 | T49: 22 | U49: 10 | V49: 17 | W49: 4 | X49: 37 | AE49: 10 | AH49: 163 | AI49: 56.3
A50: Qatar | B50: AFC | C50: 96 | D50: 1421 | E50: -96 | F50: -208 | G50: -233 | H50: 699 | I50: 289 | J50: 177 | K50: 233 | L50: 41.3 | M50: 37 | N50: 4 | O50: 25 | P50: 2 | Q50: 30 | R50: 242 | S50: 90 | T50: 320 | U50: 182 | V50: 359 | W50: 98 | X50: 184 | AE50: 18 | AH50: 242 | AI50: 58.89

Sheet Meciuri
A1: Echipă | B1: Adversar | C1: Dată | D1: Competiție | E1: Teren | F1: xG | G1: Șuturi total | H1: Șuturi pe poartă | I1: Șuturi pe lângă | J1: Șuturi blocate | K1: Șuturi în careu | L1: Șuturi afara careului | M1: Șanse mari | N1: Șanse mari ratate | O1: Bara | P1: Posesie (%) | Q1: Pase total | R1: Pase precise | S1: Centrări | T1: Mingi lungi | U1: Dribling | V1: Intrări treime finală | W1: Mingi prin apărare | X1: Cornere | Y1: Aruncări margine | Z1: Lovituri libere | AA1: Lovituri de poartă | AB1: Fault comise | AC1: Fault suferite (treime fin.) | AD1: Ofsaid | AE1: Galbene | AF1: Roșii | AG1: Recuperări | AH1: Interceptări | AI1: Degajări | AJ1: Dueluri aeriene | AK1: Dueluri sol | AL1: Tackle reușit | AM1: Tackle total | AN1: Save-uri
A2: England | B2: Albania | C2: 2025-03-21 | D2: World Cup Qual. UEFA K | E2: Acasă | F2: 1.81 | G2: 12 | H2: 6 | I2: 2 | J2: 4 | K2: 11 | L2: 1 | M2: 4 | N2: 3 | O2: 2 | P2: 74 | Q2: 863 | R2: 811 | S2: 6 | T2: 17 | U2: 9 | V2: 101 | W2: 3 | X2: 4 | Y2: 16 | Z2: 7 | AA2: 1 | AB2: 9 | AC2: 1 | AD2: 2 | AE2: 0 | AG2: 31 | AH2: 4 | AI2: 9 | AJ2: 16 | AK2: 31 | AL2: 10 | AM2: 15 | AN2: 0
A3: England | B3: Latvia | C3: 2025-03-24 | D3: World Cup Qual. UEFA K | E3: Acasă | F3: 5.22 | G3: 27 | H3: 8 | I3: 9 | J3: 10 | K3: 21 | L3: 6 | M3: 5 | N3: 4 | O3: 0 | P3: 73 | Q3: 696 | R3: 660 | S3: 11 | T3: 11 | U3: 12 | V3: 93 | X3: 10 | Y3: 16 | Z3: 13 | AA3: 1 | AB3: 11 | AC3: 3 | AD3: 0 | AE3: 1 | AG3: 43 | AH3: 11 | AI3: 5 | AJ3: 6 | AK3: 32 | AL3: 6 | AM3: 7 | AN3: 1
A4: England | B4: Andorra | C4: 2025-06-07 | D4: World Cup Qual. UEFA K | E4: Deplasare | F4: 2.28 | G4: 20 | H4: 10 | I4: 7 | J4: 3 | K4: 12 | L4: 8 | M4: 6 | N4: 5 | O4: 0 | P4: 83 | Q4: 751 | R4: 683 | S4: 5 | T4: 25 | U4: 13 | V4: 113 | W4: 2 | X4: 12 | Y4: 17 | Z4: 13 | AA4: 4 | AB4: 8 | AC4: 3 | AD4: 2 | AG4: 46 | AH4: 5 | AI4: 5 | AJ4: 16 | AK4: 39 | AL4: 6 | AM4: 14 | AN4: 0
A5: England | B5: Andorra | C5: 2025-09-06 | D5: World Cup Qual. UEFA K | E5: Acasă | F5: 1.97 | G5: 11 | H5: 7 | I5: 3 | J5: 1 | K5: 9 | L5: 2 | M5: 3 | N5: 2 | O5: 0 | P5: 83 | Q5: 787 | R5: 710 | S5: 6 | T5: 22 | U5: 5 | V5: 124 | W5: 1 | X5: 8 | Y5: 21 | Z5: 8 | AA5: 1 | AB5: 10 | AD5: 5 | AE5: 1 | AG5: 53 | AH5: 2 | AI5: 4 | AJ5: 14 | AK5: 23 | AL5: 9 | AM5: 11 | AN5: 0
A6: England | B6: Serbia | C6: 2025-09-09 | D6: World Cup Qual. UEFA K | E6: Deplasare | F6: 3.56 | G6: 24 | H6: 12 | I6: 4 | J6: 8 | K6: 16 | L6: 8 | M6: 7 | N6: 3 | O6: 0 | P6: 70 | Q6: 588 | R6: 536 | S6: 5 | T6: 21 | U6: 10 | V6: 75 | W6: 1 | X6: 6 | Y6: 10 | Z6: 10 | AA6: 3 | AB6: 10 | AC6: 6 | AD6: 2 | AE6: 1 | AF6: 0 | AG6: 44 | AH6: 3 | AI6: 10 | AJ6: 12 | AK6: 32 | AL6: 5 | AM6: 11 | AN6: 0
A7: England | B7: Latvia | C7: 2025-10-14 | D7: World Cup Qual. UEFA K | E7: Deplasare | F7: 2.9 | G7: 24 | H7: 7 | I7: 10 | J7: 7 | K7: 13 | L7: 11 | M7: 3 | N7: 1 | O7: 0 | P7: 72 | Q7: 719 | R7: 661 | S7: 5 | T7: 17 | U7: 12 | V7: 100 | W7: 1 | X7: 9 | Y7: 17 | Z7: 10 | AA7: 3 | AB7: 5 | AC7: 8 | AD7: 1 | AE7: 1 | AG7: 48 | AH7: 12 | AI7: 9 | AJ7: 2 | AK7: 37 | AL7: 6 | AM7: 14 | AN7: 1
A8: England | B8: Serbia | C8: 2025-11-13 | D8: World Cup Qual. UEFA K | E8: Acasă | F8: 0.93 | G8: 19 | H8: 6 | I8: 7 | J8: 6 | K8: 10 | L8: 9 | M8: 2 | N8: 2 | O8: 2 | P8: 70 | Q8: 647 | R8: 588 | S8: 5 | T8: 23 | U8: 5 | V8: 88 | W8: 3 | X8: 6 | Y8: 18 | Z8: 10 | AA8: 4 | AB8: 13 | AC8: 2 | AD8: 2 | AE8: 0 | AG8: 42 | AH8: 3 | AI8: 9 | AJ8: 7 | AK8: 24 | AL8: 9 | AM8: 11 | AN8: 1
A9: England | B9: Albania | C9: 2025-11-16 | D9: World Cup Qual. UEFA K | E9: Deplasare | F9: 1.66 | G9: 14 | H9: 7 | I9: 4 | J9: 3 | K9: 10 | L9: 4 | M9: 3 | N9: 1 | O9: 0 | P9: 70 | Q9: 686 | R9: 633 | S9: 5 | T9: 12 | U9: 8 | V9: 68 | W9: 3 | X9: 5 | Y9: 16 | Z9: 9 | AA9: 3 | AB9: 10 | AC9: 1 | AD9: 2 | AE9: 2 | AG9: 40 | AH9: 14 | AI9: 14 | AJ9: 14 | AK9: 30 | AL9: 8 | AM9: 13 | AN9: 3
A10: France | B10: Ukraine | C10: 2025-09-05 | D10: World Cup Qual. UEFA D | E10: Deplasare | F10: 2.21 | G10: 16 | H10: 6 | I10: 6 | J10: 4 | K10: 9 | L10: 7 | M10: 5 | N10: 3 | O10: 0 | P10: 56 | Q10: 538 | R10: 477 | S10: 1 | T10: 26 | U10: 9 | V10: 84 | W10: 4 | X10: 4 | Y10: 21 | Z10: 10 | AA10: 2 | AB10: 8 | AC10: 0 | AD10: 0 | AG10: 45 | AH10: 7 | AI10: 15 | AJ10: 7 | AK10: 38 | AL10: 14 | AM10: 19 | AN10: 2
A11: France | B11: Iceland | C11: 2025-09-09 | D11: World Cup Qual. UEFA D | E11: Acasă | F11: 3.77 | G11: 20 | H11: 8 | I11: 8 | J11: 4 | K11: 13 | L11: 7 | M11: 7 | N11: 5 | O11: 1 | P11: 63 | Q11: 623 | R11: 560 | S11: 4 | T11: 24 | U11: 10 | V11: 82 | W11: 3 | X11: 3 | Y11: 19 | Z11: 12 | AA11: 5 | AB11: 12 | AC11: 3 | AD11: 3 | AE11: 3 | AF11: 1 | AG11: 45 | AH11: 3 | AI11: 7 | AJ11: 7 | AK11: 37 | AL11: 9 | AM11: 14 | AN11: 1
A12: France | B12: Azerbaijan | C12: 2025-10-10 | D12: World Cup Qual. UEFA D | E12: Acasă | F12: 3.23 | G12: 33 | H12: 9 | I12: 13 | J12: 11 | K12: 23 | L12: 10 | M12: 2 | N12: 1 | O12: 1 | P12: 77 | Q12: 717 | R12: 649 | S12: 8 | T12: 28 | U12: 16 | V12: 104 | W12: 1 | X12: 10 | Y12: 21 | Z12: 14 | AA12: 2 | AB12: 8 | AC12: 7 | AD12: 0 | AE12: 1 | AG12: 54 | AH12: 4 | AI12: 7 | AJ12: 20 | AK12: 39 | AL12: 6 | AM12: 9 | AN12: 0
A13: France | B13: Iceland | C13: 2025-10-13 | D13: World Cup Qual. UEFA D | E13: Deplasare | F13: 2.5 | G13: 20 | H13: 9 | I13: 8 | J13: 3 | K13: 13 | L13: 7 | M13: 5 | N13: 4 | O13: 0 | P13: 70 | Q13: 717 | R13: 654 | S13: 7 | T13: 27 | U13: 6 | V13: 93 | X13: 9 | Y13: 23 | Z13: 16 | AA13: 4 | AB13: 12 | AC13: 4 | AD13: 1 | AE13: 1 | AG13: 38 | AH13: 9 | AI13: 13 | AJ13: 14 | AK13: 28 | AL13: 6 | AM13: 6 | AN13: 0
A14: France | B14: Ukraine | C14: 2025-11-13 | D14: World Cup Qual. UEFA D | E14: Acasă | F14: 2.7 | G14: 25 | H14: 10 | I14: 8 | J14: 7 | K14: 11 | L14: 14 | M14: 8 | N14: 5 | O14: 2 | P14: 71 | Q14: 718 | R14: 663 | S14: 1 | T14: 16 | U14: 11 | V14: 66 | W14: 5 | X14: 7 | Y14: 19 | Z14: 9 | AA14: 3 | AB14: 9 | AC14: 5 | AD14: 0 | AE14: 1 | AG14: 46 | AH14: 8 | AI14: 8 | AJ14: 9 | AK14: 31 | AL14: 7 | AM14: 10 | AN14: 0
A15: France | B15: Azerbaijan | C15: 2025-11-16 | D15: World Cup Qual. UEFA D | E15: Deplasare | F15: 2.05 | G15: 17 | H15: 4 | I15: 5 | J15: 8 | K15: 12 | L15: 5 | M15: 6 | N15: 4 | O15: 0 | P15: 74 | Q15: 610 | R15: 549 | S15: 8 | T15: 20 | U15: 13 | V15: 60 | W15: 0 | X15: 8 | Y15: 21 | Z15: 10 | AA15: 4 | AB15: 12 | AC15: 5 | AD15: 0 | AE15: 0 | AG15: 52 | AH15: 7 | AI15: 9 | AJ15: 16 | AK15: 41 | AL15: 9 | AM15: 18 | AN15: 0
A16: Croatia | B16: Gibraltar | C16: 2025-06-06 | D16: World Cup Qual. UEFA L | E16: Deplasare | F16: 4.08 | G16: 30 | H16: 13 | I16: 10 | J16: 7 | K16: 24 | L16: 6 | M16: 13 | N16: 7 | O16: 0 | P16: 68 | Q16: 485 | R16: 432 | S16: 10 | T16: 31 | U16: 3 | V16: 65 | W16: 4 | X16: 12 | Y16: 19 | Z16: 9 | AA16: 5 | AB16: 10 | AC16: 2 | AD16: 6 | AE16: 1 | AG16: 52 | AH16: 8 | AI16: 16 | AJ16: 16 | AK16: 36 | AL16: 13 | AM16: 24 | AN16: 0
A17: Croatia | B17: Czechia | C17: 2025-06-09 | D17: World Cup Qual. UEFA L | E17: Acasă | F17: 3.62 | G17: 18 | H17: 11 | I17: 2 | J17: 5 | K17: 11 | L17: 6 | M17: 6 | N17: 2 | O17: 0 | P17: 61 | Q17: 533 | R17: 465 | S17: 2 | T17: 30 | U17: 9 | V17: 59 | W17: 2 | X17: 0 | Y17: 14 | Z17: 9 | AA17: 4 | AB17: 3 | AC17: 5 | AD17: 3 | AE17: 0 | AG17: 55 | AH17: 13 | AI17: 23 | AJ17: 16 | AK17: 26 | AL17: 2 | AM17: 8 | AN17: 3
A18: Croatia | B18: Faroe Islands | C18: 2025-09-05 | D18: World Cup Qual. UEFA L | E18: Deplasare | F18: 2.03 | G18: 26 | H18: 8 | I18: 9 | J18: 9 | K18: 22 | L18: 4 | M18: 3 | N18: 2 | O18: 1 | P18: 74 | Q18: 610 | R18: 549 | S18: 12 | T18: 22 | U18: 9 | V18: 73 | W18: 1 | X18: 17 | Y18: 21 | Z18: 12 | AA18: 7 | AB18: 8 | AC18: 2 | AD18: 2 | AE18: 1 | AG18: 49 | AH18: 4 | AI18: 32 | AJ18: 28 | AK18: 25 | AL18: 4 | AM18: 5 | AN18: 3
A19: Croatia | B19: Montenegro | C19: 2025-09-08 | D19: World Cup Qual. UEFA L | E19: Acasă | F19: 3.3 | G19: 32 | H19: 13 | I19: 13 | J19: 6 | K19: 22 | L19: 10 | M19: 6 | N19: 4 | O19: 0 | P19: 75 | Q19: 704 | R19: 628 | S19: 7 | T19: 28 | U19: 10 | V19: 78 | W19: 4 | X19: 7 | Y19: 21 | Z19: 6 | AA19: 0 | AB19: 10 | AC19: 1 | AD19: 2 | AE19: 1 | AF19: 0 | AG19: 60 | AH19: 8 | AI19: 14 | AJ19: 13 | AK19: 28 | AL19: 8 | AM19: 13 | AN19: 1
A20: Croatia | B20: Czechia | C20: 2025-10-09 | D20: World Cup Qual. UEFA L | E20: Deplasare | F20: 0.69 | G20: 10 | H20: 2 | I20: 4 | J20: 4 | K20: 5 | L20: 5 | M20: 3 | N20: 3 | O20: 0 | P20: 58 | Q20: 418 | R20: 342 | S20: 2 | T20: 24 | U20: 10 | V20: 48 | W20: 1 | X20: 6 | Y20: 28 | Z20: 17 | AA20: 8 | AB20: 8 | AC20: 1 | AD20: 0 | AE20: 2 | AG20: 38 | AH20: 11 | AI20: 30 | AJ20: 21 | AK20: 38 | AL20: 7 | AM20: 14 | AN20: 2
A21: Croatia | B21: Gibraltar | C21: 2025-10-12 | D21: World Cup Qual. UEFA L | E21: Acasă | F21: 3.98 | G21: 28 | H21: 10 | I21: 14 | J21: 4 | K21: 22 | L21: 6 | M21: 5 | N21: 3 | O21: 1 | P21: 80 | Q21: 613 | R21: 545 | S21: 13 | T21: 36 | U21: 11 | V21: 92 | W21: 1 | X21: 18 | Y21: 16 | Z21: 6 | AA21: 2 | AB21: 7 | AC21: 3 | AD21: 6 | AG21: 45 | AH21: 1 | AI21: 5 | AJ21: 16 | AK21: 30 | AL21: 7 | AM21: 12 | AN21: 0
A22: Croatia | B22: Faroe Islands | C22: 2025-11-14 | D22: World Cup Qual. UEFA L | E22: Acasă | F22: 2.04 | G22: 20 | H22: 4 | I22: 12 | J22: 4 | K22: 14 | L22: 6 | M22: 5 | N22: 3 | O22: 2 | P22: 81 | Q22: 644 | R22: 565 | S22: 8 | T22: 36 | U22: 8 | V22: 89 | W22: 2 | X22: 11 | Y22: 19 | Z22: 11 | AA22: 2 | AB22: 9 | AC22: 3 | AD22: 1 | AE22: 0 | AG22: 42 | AH22: 4 | AI22: 14 | AJ22: 20 | AK22: 26 | AL22: 4 | AM22: 8 | AN22: 3
A23: Croatia | B23: Montenegro | C23: 2025-11-17 | D23: World Cup Qual. UEFA L | E23: Deplasare | F23: 3.14 | G23: 17 | H23: 7 | I23: 5 | J23: 5 | K23: 14 | L23: 3 | M23: 5 | N23: 3 | O23: 1 | P23: 63 | Q23: 491 | R23: 438 | S23: 7 | T23: 27 | U23: 11 | V23: 55 | X23: 3 | Y23: 15 | Z23: 16 | AA23: 9 | AB23: 16 | AC23: 5 | AD23: 0 | AE23: 1 | AG23: 38 | AH23: 4 | AI23: 22 | AJ23: 13 | AK23: 38 | AL23: 8 | AM23: 13 | AN23: 3
A24: Norway | B24: Moldova | C24: 2025-03-22 | D24: World Cup Qual. UEFA I | E24: Deplasare | F24: 3.12 | G24: 24 | H24: 8 | I24: 6 | J24: 10 | K24: 17 | L24: 7 | M24: 6 | N24: 3 | O24: 0 | P24: 69 | Q24: 622 | R24: 565 | S24: 5 | T24: 22 | U24: 10 | V24: 60 | W24: 1 | X24: 6 | Y24: 15 | Z24: 10 | AA24: 5 | AB24: 9 | AC24: 1 | AD24: 0 | AE24: 1 | AG24: 46 | AH24: 2 | AI24: 17 | AJ24: 12 | AK24: 25 | AL24: 4 | AM24: 5 | AN24: 4
A25: Norway | B25: Israel | C25: 2025-03-25 | D25: World Cup Qual. UEFA I | E25: Deplasare | F25: 3.76 | G25: 23 | H25: 12 | I25: 5 | J25: 6 | K25: 20 | L25: 3 | M25: 7 | N25: 3 | O25: 3 | P25: 56 | Q25: 568 | R25: 526 | S25: 9 | T25: 16 | U25: 5 | V25: 70 | W25: 2 | X25: 7 | Y25: 12 | Z25: 7 | AA25: 6 | AB25: 9 | AC25: 1 | AD25: 1 | AE25: 2 | AG25: 42 | AH25: 6 | AI25: 8 | AJ25: 11 | AK25: 22 | AL25: 7 | AM25: 11 | AN25: 4
A26: Norway | B26: Italy | C26: 2025-06-06 | D26: World Cup Qual. UEFA I | E26: Acasă | F26: 1.51 | G26: 8 | H26: 4 | I26: 1 | J26: 3 | K26: 5 | L26: 3 | M26: 2 | O26: 1 | P26: 38 | Q26: 355 | R26: 305 | S26: 0 | T26: 32 | U26: 7 | V26: 58 | W26: 3 | X26: 6 | Y26: 17 | Z26: 10 | AA26: 5 | AB26: 11 | AC26: 2 | AD26: 0 | AE26: 2 | AG26: 37 | AH26: 5 | AI26: 22 | AJ26: 7 | AK26: 27 | AL26: 7 | AM26: 10 | AN26: 1
A27: Norway | B27: Estonia | C27: 2025-06-09 | D27: World Cup Qual. UEFA I | E27: Deplasare | F27: 2.39 | G27: 19 | H27: 3 | I27: 10 | J27: 6 | K27: 15 | L27: 4 | M27: 2 | N27: 1 | O27: 2 | P27: 62 | Q27: 587 | R27: 512 | S27: 7 | T27: 21 | U27: 14 | V27: 56 | W27: 3 | X27: 2 | Y27: 24 | Z27: 7 | AA27: 5 | AB27: 9 | AE27: 1 | AG27: 44 | AH27: 10 | AI27: 10 | AJ27: 16 | AK27: 35 | AL27: 8 | AM27: 15 | AN27: 2
A28: Norway | B28: Moldova | C28: 2025-09-09 | D28: World Cup Qual. UEFA I | E28: Acasă | F28: 8.1 | G28: 34 | H28: 17 | I28: 8 | J28: 9 | K28: 29 | L28: 5 | M28: 17 | N28: 8 | O28: 1 | P28: 71 | Q28: 654 | R28: 594 | S28: 7 | T28: 16 | U28: 16 | V28: 79 | W28: 3 | X28: 4 | Y28: 16 | Z28: 9 | AA28: 2 | AB28: 6 | AC28: 4 | AE28: 0 | AG28: 55 | AH28: 8 | AI28: 12 | AJ28: 10 | AK28: 42 | AL28: 16 | AM28: 17 | AN28: 0
A29: Norway | B29: Israel | C29: 2025-10-11 | D29: World Cup Qual. UEFA I | E29: Acasă | F29: 2.51 | G29: 16 | H29: 5 | I29: 6 | J29: 5 | K29: 12 | L29: 4 | M29: 5 | N29: 2 | O29: 0 | P29: 54 | Q29: 475 | R29: 427 | S29: 6 | T29: 18 | U29: 11 | V29: 46 | W29: 2 | X29: 5 | Y29: 16 | Z29: 10 | AA29: 2 | AB29: 10 | AC29: 4 | AD29: 1 | AE29: 0 | AG29: 36 | AH29: 7 | AI29: 3 | AJ29: 9 | AK29: 29 | AL29: 5 | AM29: 8 | AN29: 1
A30: Norway | B30: Estonia | C30: 2025-11-13 | D30: World Cup Qual. UEFA I | E30: Acasă | F30: 2.48 | G30: 18 | H30: 7 | I30: 5 | J30: 6 | K30: 15 | L30: 3 | M30: 6 | N30: 2 | O30: 0 | P30: 68 | Q30: 661 | R30: 601 | S30: 10 | T30: 13 | U30: 10 | V30: 72 | X30: 8 | Y30: 19 | Z30: 17 | AA30: 2 | AB30: 9 | AC30: 4 | AD30: 2 | AG30: 41 | AH30: 3 | AI30: 14 | AJ30: 19 | AK30: 37 | AL30: 4 | AM30: 10 | AN30: 2
A31: Norway | B31: Italy | C31: 2025-11-16 | D31: World Cup Qual. UEFA I | E31: Deplasare | F31: 1.42 | G31: 13 | H31: 5 | I31: 8 | J31: 0 | K31: 8 | L31: 5 | M31: 3 | N31: 1 | O31: 0 | P31: 42 | Q31: 394 | R31: 333 | S31: 2 | T31: 27 | U31: 8 | V31: 47 | X31: 2 | Y31: 13 | Z31: 15 | AA31: 8 | AB31: 8 | AC31: 2 | AE31: 2 | AG31: 41 | AH31: 6 | AI31: 19 | AJ31: 17 | AK31: 32 | AL31: 4 | AM31: 9 | AN31: 3
A32: Portugal | B32: Armenia | C32: 2025-09-06 | D32: World Cup Qual. UEFA F | E32: Deplasare | F32: 3.67 | G32: 24 | H32: 9 | I32: 11 | J32: 4 | K32: 20 | L32: 4 | M32: 9 | N32: 6 | O32: 1 | P32: 71 | Q32: 634 | R32: 590 | S32: 11 | T32: 29 | U32: 15 | V32: 56 | X32: 4 | Y32: 16 | Z32: 10 | AA32: 5 | AB32: 7 | AC32: 3 | AD32: 1 | AE32: 0 | AG32: 35 | AH32: 4 | AI32: 10 | AJ32: 8 | AK32: 36 | AL32: 6 | AM32: 11 | AN32: 3
A33: Portugal | B33: Hungary | C33: 2025-09-09 | D33: World Cup Qual. UEFA F | E33: Deplasare | F33: 2.35 | G33: 15 | H33: 7 | I33: 5 | J33: 3 | K33: 10 | L33: 5 | M33: 4 | N33: 2 | O33: 0 | P33: 69 | Q33: 697 | R33: 644 | S33: 4 | T33: 32 | U33: 6 | V33: 91 | W33: 1 | X33: 6 | Y33: 19 | Z33: 5 | AA33: 5 | AB33: 9 | AC33: 2 | AD33: 4 | AE33: 2 | AG33: 44 | AH33: 8 | AI33: 11 | AJ33: 14 | AK33: 15 | AL33: 1 | AM33: 4 | AN33: 0
A34: Portugal | B34: Ireland | C34: 2025-10-11 | D34: World Cup Qual. UEFA F | E34: Acasă | F34: 3.74 | G34: 30 | H34: 6 | I34: 16 | J34: 8 | K34: 17 | L34: 13 | M34: 3 | N34: 2 | O34: 1 | P34: 70 | Q34: 674 | R34: 618 | S34: 11 | T34: 14 | U34: 3 | V34: 70 | X34: 9 | Y34: 16 | Z34: 8 | AA34: 1 | AC34: 1 | AD34: 4 | AE34: 2 | AG34: 52 | AH34: 6 | AI34: 10 | AJ34: 21 | AK34: 26 | AL34: 8 | AM34: 16 | AN34: 0
A35: Portugal | B35: Hungary | C35: 2025-10-14 | D35: World Cup Qual. UEFA F | E35: Acasă | F35: 2.33 | G35: 20 | H35: 8 | I35: 8 | J35: 4 | K35: 11 | L35: 9 | M35: 4 | N35: 2 | O35: 2 | P35: 65 | Q35: 602 | R35: 545 | S35: 7 | T35: 27 | U35: 4 | V35: 62 | X35: 5 | Y35: 14 | Z35: 12 | AA35: 9 | AC35: 3 | AD35: 1 | AE35: 2 | AG35: 41 | AH35: 4 | AI35: 19 | AJ35: 15 | AK35: 21 | AL35: 6 | AM35: 7 | AN35: 4
A36: Portugal | B36: Ireland | C36: 2025-11-13 | D36: World Cup Qual. UEFA F | E36: Deplasare | F36: 2.66 | G36: 27 | H36: 5 | I36: 10 | J36: 12 | K36: 14 | L36: 13 | M36: 1 | N36: 1 | O36: 0 | P36: 77 | Q36: 798 | R36: 732 | S36: 4 | T36: 11 | U36: 5 | V36: 71 | X36: 9 | Y36: 13 | Z36: 5 | AA36: 3 | AB36: 6 | AC36: 1 | AD36: 2 | AE36: 2 | AF36: 1 | AG36: 41 | AH36: 7 | AI36: 10 | AJ36: 12 | AK36: 24 | AL36: 10 | AM36: 15 | AN36: 1
A37: Portugal | B37: Armenia | C37: 2025-11-16 | D37: World Cup Qual. UEFA F | E37: Acasă | F37: 5.8 | G37: 34 | H37: 15 | I37: 11 | J37: 8 | K37: 24 | L37: 10 | M37: 8 | N37: 3 | O37: 3 | P37: 76 | Q37: 659 | R37: 598 | S37: 12 | T37: 21 | U37: 9 | V37: 62 | X37: 7 | Y37: 20 | Z37: 8 | AA37: 0 | AB37: 7 | AC37: 8 | AD37: 3 | AE37: 0 | AG37: 40 | AH37: 5 | AI37: 7 | AJ37: 12 | AK37: 32 | AL37: 9 | AM37: 14 | AN37: 1
A38: Germany | B38: Slovakia | C38: 2025-09-04 | D38: World Cup Qual. UEFA A | E38: Deplasare | F38: 1.69 | G38: 14 | H38: 4 | I38: 6 | J38: 4 | K38: 9 | L38: 5 | M38: 2 | N38: 2 | O38: 0 | P38: 70 | Q38: 616 | R38: 547 | S38: 4 | T38: 24 | U38: 6 | V38: 59 | W38: 0 | X38: 8 | Y38: 22 | Z38: 12 | AA38: 5 | AB38: 18 | AC38: 3 | AD38: 0 | AE38: 2 | AG38: 34 | AH38: 4 | AI38: 13 | AJ38: 15 | AK38: 27 | AL38: 7 | AM38: 11 | AN38: 3
A39: Germany | B39: Northern Ireland | C39: 2025-09-07 | D39: World Cup Qual. UEFA A | E39: Acasă | F39: 1.64 | G39: 11 | H39: 6 | I39: 3 | J39: 2 | K39: 7 | L39: 4 | M39: 4 | N39: 2 | O39: 1 | P39: 80 | Q39: 751 | R39: 679 | S39: 2 | T39: 20 | U39: 10 | V39: 56 | W39: 2 | X39: 3 | Y39: 24 | Z39: 13 | AA39: 6 | AB39: 9 | AC39: 3 | AD39: 2 | AE39: 1 | AG39: 36 | AH39: 6 | AI39: 22 | AJ39: 17 | AK39: 31 | AL39: 7 | AM39: 9 | AN39: 0
A40: Germany | B40: Luxembourg | C40: 2025-10-10 | D40: World Cup Qual. UEFA A | E40: Acasă | F40: 3.35 | G40: 31 | H40: 8 | I40: 17 | J40: 6 | K40: 21 | L40: 10 | M40: 7 | N40: 4 | O40: 1 | P40: 85 | Q40: 810 | R40: 735 | S40: 10 | T40: 16 | U40: 3 | V40: 89 | W40: 4 | X40: 7 | Y40: 24 | Z40: 4 | AA40: 1 | AB40: 10 | AC40: 3 | AD40: 2 | AE40: 0 | AF40: 0 | AG40: 57 | AH40: 6 | AI40: 4 | AJ40: 15 | AK40: 18 | AL40: 4 | AM40: 11 | AN40: 1
A41: Germany | B41: Northern Ireland | C41: 2025-10-13 | D41: World Cup Qual. UEFA A | E41: Deplasare | F41: 1 | G41: 11 | H41: 2 | I41: 5 | J41: 4 | K41: 7 | L41: 4 | M41: 2 | N41: 1 | O41: 0 | P41: 67 | Q41: 537 | R41: 455 | S41: 4 | T41: 27 | U41: 5 | V41: 65 | W41: 1 | X41: 5 | Y41: 17 | Z41: 18 | AA41: 5 | AB41: 14 | AC41: 4 | AD41: 0 | AE41: 2 | AG41: 48 | AH41: 5 | AI41: 29 | AJ41: 24 | AK41: 29 | AL41: 4 | AM41: 9 | AN41: 3
A42: Germany | B42: Luxembourg | C42: 2025-11-14 | D42: World Cup Qual. UEFA A | E42: Deplasare | F42: 1.45 | G42: 14 | H42: 7 | I42: 4 | J42: 3 | K42: 10 | L42: 4 | M42: 3 | N42: 1 | O42: 1 | P42: 65 | Q42: 591 | R42: 522 | S42: 0 | T42: 19 | U42: 11 | V42: 48 | W42: 2 | X42: 4 | Y42: 24 | Z42: 11 | AA42: 5 | AB42: 10 | AC42: 3 | AD42: 2 | AE42: 2 | AG42: 49 | AH42: 8 | AI42: 29 | AJ42: 8 | AK42: 35 | AL42: 6 | AM42: 13 | AN42: 1
A43: Germany | B43: Slovakia | C43: 2025-11-17 | D43: World Cup Qual. UEFA A | E43: Acasă | F43: 3.28 | G43: 22 | H43: 10 | I43: 7 | J43: 5 | K43: 19 | L43: 3 | M43: 7 | N43: 2 | O43: 0 | P43: 72 | Q43: 815 | R43: 757 | S43: 10 | T43: 26 | U43: 4 | V43: 98 | W43: 3 | X43: 8 | Y43: 16 | Z43: 3 | AA43: 3 | AB43: 11 | AC43: 1 | AE43: 1 | AG43: 51 | AH43: 4 | AI43: 8 | AJ43: 3 | AK43: 17 | AL43: 6 | AM43: 11 | AN43: 2
A44: Netherlands | B44: Finland | C44: 2025-06-07 | D44: World Cup Qual. UEFA G | E44: Deplasare | F44: 2.29 | G44: 17 | H44: 6 | I44: 8 | J44: 3 | K44: 12 | L44: 5 | M44: 4 | N44: 2 | O44: 0 | P44: 60 | Q44: 675 | R44: 624 | S44: 4 | T44: 10 | U44: 4 | V44: 63 | W44: 1 | X44: 6 | Y44: 6 | Z44: 9 | AA44: 3 | AB44: 9 | AC44: 3 | AD44: 2 | AE44: 2 | AG44: 50 | AH44: 8 | AI44: 14 | AJ44: 9 | AK44: 24 | AL44: 6 | AM44: 11 | AN44: 2
A45: Netherlands | B45: Malta | C45: 2025-06-10 | D45: World Cup Qual. UEFA G | E45: Acasă | F45: 5.07 | G45: 27 | H45: 9 | I45: 11 | J45: 7 | K45: 22 | L45: 5 | M45: 9 | N45: 7 | O45: 0 | P45: 65 | Q45: 609 | R45: 562 | S45: 10 | T45: 23 | U45: 9 | V45: 82 | X45: 6 | Y45: 8 | Z45: 14 | AA45: 4 | AB45: 12 | AC45: 6 | AD45: 3 | AE45: 1 | AG45: 47 | AH45: 14 | AI45: 13 | AJ45: 14 | AK45: 40 | AL45: 10 | AM45: 17 | AN45: 2
A46: Netherlands | B46: Poland | C46: 2025-09-04 | D46: World Cup Qual. UEFA G | E46: Acasă | F46: 0.72 | G46: 14 | H46: 5 | I46: 4 | J46: 5 | K46: 9 | L46: 5 | M46: 3 | N46: 2 | O46: 2 | P46: 74 | Q46: 714 | R46: 670 | S46: 5 | T46: 15 | U46: 4 | V46: 81 | X46: 7 | Y46: 17 | Z46: 11 | AA46: 5 | AB46: 11 | AC46: 1 | AD46: 5 | AG46: 35 | AH46: 4 | AI46: 16 | AJ46: 11 | AK46: 27 | AL46: 9 | AM46: 12 | AN46: 1
A47: Netherlands | B47: Lithuania | C47: 2025-09-07 | D47: World Cup Qual. UEFA G | E47: Deplasare | F47: 1 | G47: 14 | H47: 7 | I47: 4 | J47: 3 | K47: 9 | L47: 5 | M47: 3 | O47: 1 | P47: 73 | Q47: 631 | R47: 552 | S47: 6 | T47: 26 | U47: 10 | V47: 84 | X47: 7 | Y47: 22 | Z47: 13 | AA47: 4 | AB47: 10 | AC47: 3 | AE47: 0 | AG47: 44 | AH47: 7 | AI47: 17 | AJ47: 18 | AK47: 34 | AL47: 7 | AM47: 12 | AN47: 1
A48: Netherlands | B48: Malta | C48: 2025-10-09 | D48: World Cup Qual. UEFA G | E48: Deplasare | F48: 3.24 | G48: 22 | H48: 8 | I48: 7 | J48: 7 | K48: 17 | L48: 5 | M48: 4 | N48: 0 | O48: 1 | P48: 63 | Q48: 511 | R48: 464 | S48: 8 | T48: 19 | U48: 14 | V48: 45 | W48: 1 | X48: 6 | Y48: 20 | Z48: 13 | AA48: 3 | AB48: 6 | AC48: 5 | AD48: 4 | AE48: 2 | AG48: 42 | AH48: 7 | AI48: 11 | AJ48: 9 | AK48: 37 | AL48: 6 | AM48: 9 | AN48: 0
A49: Netherlands | B49: Finland | C49: 2025-10-12 | D49: World Cup Qual. UEFA G | E49: Acasă | F49: 2.86 | G49: 17 | H49: 6 | I49: 5 | J49: 6 | K49: 10 | L49: 7 | M49: 5 | N49: 3 | O49: 1 | P49: 69 | Q49: 667 | R49: 609 | S49: 13 | T49: 30 | U49: 7 | V49: 78 | W49: 0 | X49: 12 | Y49: 14 | Z49: 12 | AA49: 5 | AB49: 8 | AC49: 4 | AD49: 2 | AE49: 0 | AG49: 43 | AH49: 5 | AI49: 6 | AJ49: 11 | AK49: 27 | AL49: 4 | AM49: 8 | AN49: 3
A50: Netherlands | B50: Poland | C50: 2025-11-14 | D50: World Cup Qual. UEFA G | E50: Deplasare | F50: 1.27 | G50: 8 | H50: 3 | I50: 4 | J50: 1 | K50: 7 | L50: 1 | M50: 2 | N50: 1 | O50: 0 | P50: 60 | Q50: 621 | R50: 580 | S50: 3 | T50: 13 | U50: 6 | V50: 89 | W50: 1 | X50: 3 | Y50: 9 | Z50: 10 | AA50: 3 | AB50: 14 | AC50: 1 | AD50: 0 | AE50: 1 | AG50: 33 | AH50: 3 | AI50: 20 | AJ50: 7 | AK50: 29 | AL50: 8 | AM50: 13 | AN50: 4
A51: Netherlands | B51: Lithuania | C51: 2025-11-17 | D51: World Cup Qual. UEFA G | E51: Acasă | F51: 3.2 | G51: 20 | H51: 8 | I51: 8 | J51: 4 | K51: 15 | L51: 5 | M51: 6 | N51: 3 | O51: 2 | P51: 69 | Q51: 572 | R51: 497 | S51: 6 | T51: 21 | U51: 15 | V51: 73 | W51: 2 | X51: 5 | Y51: 24 | Z51: 9 | AA51: 5 | AB51: 10 | AC51: 6 | AD51: 0 | AE51: 0 | AG51: 41 | AH51: 6 | AI51: 15 | AJ51: 15 | AK51: 31 | AL51: 3 | AM51: 7 | AN51: 1
A52: Switzerland | B52: Kosovo | C52: 2025-09-05 | D52: World Cup Qual. UEFA B | E52: Acasă | F52: 1.96 | G52: 10 | H52: 5 | I52: 3 | J52: 2 | K52: 8 | L52: 2 | M52: 5 | N52: 1 | O52: 0 | P52: 62 | Q52: 626 | R52: 552 | S52: 5 | T52: 20 | U52: 11 | V52: 60 | W52: 2 | X52: 3 | Y52: 17 | Z52: 10 | AA52: 8 | AB52: 11 | AC52: 3 | AD52: 2 | AE52: 2 | AG52: 49 | AH52: 7 | AI52: 12 | AJ52: 12 | AK52: 33 | AL52: 9 | AM52: 12 | AN52: 1
A53: Switzerland | B53: Slovenia | C53: 2025-09-08 | D53: World Cup Qual. UEFA B | E53: Acasă | F53: 1.19 | G53: 12 | H53: 6 | I53: 4 | J53: 2 | K53: 7 | L53: 5 | M53: 3 | N53: 1 | O53: 0 | P53: 65 | Q53: 669 | R53: 600 | S53: 4 | T53: 27 | U53: 2 | V53: 55 | X53: 5 | Y53: 15 | Z53: 15 | AA53: 3 | AB53: 10 | AC53: 3 | AD53: 2 | AE53: 0 | AG53: 41 | AH53: 6 | AI53: 9 | AJ53: 13 | AK53: 25 | AL53: 5 | AM53: 8 | AN53: 1
A54: Switzerland | B54: Sweden | C54: 2025-10-10 | D54: World Cup Qual. UEFA B | E54: Deplasare | F54: 2.59 | G54: 17 | H54: 8 | I54: 5 | J54: 4 | K54: 9 | L54: 8 | M54: 4 | N54: 3 | O54: 1 | P54: 59 | Q54: 552 | R54: 468 | S54: 5 | T54: 27 | U54: 8 | V54: 72 | W54: 0 | X54: 9 | Y54: 26 | Z54: 12 | AA54: 7 | AB54: 10 | AC54: 3 | AD54: 1 | AE54: 1 | AG54: 56 | AH54: 11 | AI54: 16 | AJ54: 14 | AK54: 44 | AL54: 14 | AM54: 23 | AN54: 0
A55: Switzerland | B55: Slovenia | C55: 2025-10-13 | D55: World Cup Qual. UEFA B | E55: Deplasare | F55: 0.46 | G55: 11 | H55: 3 | I55: 3 | J55: 5 | K55: 8 | L55: 3 | M55: 1 | N55: 1 | O55: 0 | P55: 65 | Q55: 635 | R55: 574 | S55: 4 | T55: 13 | U55: 7 | V55: 73 | X55: 4 | Y55: 17 | Z55: 10 | AA55: 4 | AB55: 5 | AC55: 1 | AD55: 2 | AE55: 0 | AG55: 51 | AH55: 7 | AI55: 27 | AJ55: 13 | AK55: 34 | AL55: 8 | AM55: 17 | AN55: 1
A56: Switzerland | B56: Sweden | C56: 2025-11-15 | D56: World Cup Qual. UEFA B | E56: Acasă | F56: 2.16 | G56: 9 | H56: 7 | I56: 2 | J56: 0 | K56: 9 | L56: 0 | M56: 2 | N56: 1 | O56: 0 | P56: 59 | Q56: 531 | R56: 476 | S56: 3 | T56: 29 | U56: 3 | V56: 54 | X56: 4 | Y56: 18 | Z56: 17 | AA56: 6 | AB56: 13 | AC56: 3 | AD56: 0 | AE56: 1 | AG56: 46 | AH56: 3 | AI56: 8 | AJ56: 7 | AK56: 31 | AL56: 5 | AM56: 10 | AN56: 2
A57: Switzerland | B57: Kosovo | C57: 2025-11-18 | D57: World Cup Qual. UEFA B | E57: Deplasare | F57: 0.48 | G57: 6 | H57: 3 | I57: 2 | J57: 1 | K57: 5 | L57: 1 | M57: 3 | N57: 2 | O57: 0 | P57: 53 | Q57: 526 | R57: 458 | S57: 2 | T57: 20 | U57: 6 | V57: 48 | W57: 2 | X57: 1 | Y57: 19 | Z57: 9 | AA57: 9 | AB57: 9 | AC57: 0 | AD57: 1 | AE57: 0 | AG57: 49 | AH57: 6 | AI57: 16 | AJ57: 4 | AK57: 29 | AL57: 10 | AM57: 14 | AN57: 3
A58: Scotland | B58: Denmark | C58: 2025-09-05 | D58: World Cup Qual. UEFA C | E58: Deplasare | F58: 0.76 | G58: 11 | H58: 1 | I58: 6 | J58: 4 | K58: 9 | L58: 2 | M58: 0 | N58: 0 | O58: 0 | P58: 26 | Q58: 211 | R58: 145 | S58: 7 | T58: 22 | U58: 10 | V58: 39 | X58: 4 | Y58: 14 | Z58: 12 | AA58: 9 | AB58: 15 | AC58: 0 | AD58: 1 | AE58: 5 | AG58: 37 | AH58: 10 | AI58: 52 | AJ58: 24 | AK58: 29 | AL58: 7 | AM58: 10 | AN58: 2
A59: Scotland | B59: Belarus | C59: 2025-09-08 | D59: World Cup Qual. UEFA C | E59: Deplasare | F59: 2.3 | G59: 14 | H59: 8 | I59: 4 | J59: 2 | K59: 11 | L59: 3 | M59: 4 | N59: 3 | O59: 1 | P59: 73 | Q59: 754 | R59: 673 | S59: 7 | T59: 31 | U59: 11 | V59: 90 | X59: 2 | Y59: 18 | Z59: 14 | AA59: 7 | AB59: 10 | AC59: 3 | AD59: 1 | AE59: 1 | AG59: 50 | AH59: 4 | AI59: 18 | AJ59: 23 | AK59: 31 | AL59: 5 | AM59: 7 | AN59: 3
A60: Scotland | B60: Greece | C60: 2025-10-09 | D60: World Cup Qual. UEFA C | E60: Acasă | F60: 1.35 | G60: 8 | H60: 3 | I60: 2 | J60: 3 | K60: 7 | L60: 1 | M60: 2 | N60: 0 | O60: 0 | P60: 33 | Q60: 295 | R60: 247 | S60: 4 | T60: 22 | U60: 5 | V60: 33 | X60: 4 | Y60: 8 | Z60: 19 | AA60: 7 | AB60: 12 | AC60: 2 | AD60: 0 | AE60: 2 | AG60: 29 | AH60: 10 | AI60: 27 | AJ60: 12 | AK60: 27 | AL60: 3 | AM60: 5 | AN60: 2
A61: Scotland | B61: Belarus | C61: 2025-10-12 | D61: World Cup Qual. UEFA C | E61: Acasă | F61: 1.09 | G61: 12 | H61: 6 | I61: 5 | J61: 1 | K61: 7 | L61: 5 | M61: 3 | N61: 2 | O61: 0 | P61: 55 | Q61: 467 | R61: 399 | S61: 5 | T61: 25 | U61: 11 | V61: 56 | W61: 1 | X61: 7 | Y61: 23 | Z61: 14 | AA61: 8 | AB61: 10 | AD61: 2 | AE61: 0 | AG61: 44 | AH61: 2 | AI61: 25 | AJ61: 12 | AK61: 33 | AL61: 6 | AM61: 8 | AN61: 2
A62: Scotland | B62: Greece | C62: 2025-11-15 | D62: World Cup Qual. UEFA C | E62: Deplasare | F62: 1.47 | G62: 12 | H62: 6 | I62: 4 | J62: 2 | K62: 10 | L62: 2 | M62: 6 | N62: 4 | O62: 1 | P62: 51 | Q62: 448 | R62: 379 | S62: 12 | T62: 17 | U62: 8 | V62: 56 | X62: 8 | Y62: 19 | Z62: 9 | AA62: 7 | AB62: 14 | AC62: 1 | AD62: 2 | AE62: 3 | AF62: 0 | AG62: 40 | AH62: 6 | AI62: 16 | AJ62: 20 | AK62: 27 | AL62: 4 | AM62: 10 | AN62: 7
A63: Scotland | B63: Denmark | C63: 2025-11-18 | D63: World Cup Qual. UEFA C | E63: Acasă | F63: 1.67 | G63: 10 | H63: 5 | I63: 2 | J63: 3 | K63: 7 | L63: 3 | M63: 2 | N63: 1 | O63: 0 | P63: 30 | Q63: 259 | R63: 188 | S63: 4 | T63: 17 | U63: 8 | V63: 39 | X63: 2 | Y63: 16 | Z63: 12 | AA63: 11 | AB63: 15 | AC63: 1 | AD63: 1 | AE63: 1 | AF63: 0 | AG63: 45 | AH63: 12 | AI63: 38 | AJ63: 12 | AK63: 45 | AL63: 19 | AM63: 26 | AN63: 1
A64: Spain | B64: Bulgaria | C64: 2025-09-04 | D64: World Cup Qual. UEFA E | E64: Deplasare | F64: 3.41 | G64: 24 | H64: 12 | I64: 5 | J64: 7 | K64: 16 | L64: 8 | M64: 6 | N64: 4 | O64: 1 | P64: 78 | Q64: 818 | R64: 753 | S64: 3 | T64: 32 | U64: 10 | V64: 100 | W64: 2 | X64: 6 | Y64: 20 | Z64: 6 | AA64: 1 | AB64: 17 | AC64: 2 | AD64: 1 | AE64: 1 | AG64: 50 | AH64: 3 | AI64: 12 | AJ64: 12 | AK64: 20 | AL64: 3 | AM64: 5 | AN64: 0
A65: Spain | B65: Türkiye | C65: 2025-09-07 | D65: World Cup Qual. UEFA E | E65: Deplasare | F65: 3.14 | G65: 21 | H65: 12 | I65: 4 | J65: 5 | K65: 19 | L65: 2 | M65: 10 | N65: 6 | O65: 0 | P65: 50 | Q65: 525 | R65: 468 | S65: 2 | T65: 17 | U65: 11 | V65: 62 | W65: 3 | X65: 4 | Y65: 18 | Z65: 6 | AA65: 3 | AB65: 9 | AD65: 3 | AG65: 51 | AH65: 7 | AI65: 31 | AJ65: 6 | AK65: 43 | AL65: 9 | AM65: 26 | AN65: 2
A66: Spain | B66: Georgia | C66: 2025-10-11 | D66: World Cup Qual. UEFA E | E66: Acasă | F66: 3.54 | G66: 24 | H66: 7 | I66: 12 | J66: 5 | K66: 18 | L66: 6 | M66: 10 | N66: 9 | O66: 2 | P66: 83 | Q66: 814 | R66: 755 | S66: 7 | T66: 35 | U66: 7 | V66: 83 | W66: 1 | X66: 10 | Y66: 19 | Z66: 7 | AA66: 0 | AB66: 12 | AC66: 4 | AD66: 2 | AE66: 1 | AG66: 43 | AH66: 11 | AI66: 6 | AJ66: 11 | AK66: 34 | AL66: 16 | AM66: 21 | AN66: 1
A67: Spain | B67: Bulgaria | C67: 2025-10-14 | D67: World Cup Qual. UEFA E | E67: Acasă | F67: 2.99 | G67: 33 | H67: 11 | I67: 12 | J67: 10 | K67: 24 | L67: 9 | M67: 8 | N67: 6 | O67: 1 | P67: 78 | Q67: 817 | R67: 757 | S67: 5 | T67: 23 | U67: 4 | V67: 106 | W67: 0 | X67: 11 | Y67: 17 | Z67: 5 | AA67: 4 | AB67: 7 | AC67: 3 | AD67: 3 | AG67: 46 | AH67: 3 | AI67: 4 | AJ67: 5 | AK67: 18 | AL67: 4 | AM67: 8 | AN67: 0
A68: Spain | B68: Georgia | C68: 2025-11-15 | D68: World Cup Qual. UEFA E | E68: Deplasare | F68: 3.32 | G68: 14 | H68: 7 | I68: 3 | J68: 4 | K68: 12 | L68: 2 | M68: 6 | N68: 3 | O68: 1 | P68: 61 | Q68: 634 | R68: 580 | S68: 5 | T68: 21 | U68: 5 | V68: 70 | W68: 3 | X68: 6 | Y68: 18 | Z68: 8 | AA68: 5 | AB68: 9 | AC68: 1 | AD68: 0 | AE68: 1 | AG68: 40 | AH68: 5 | AI68: 20 | AJ68: 8 | AK68: 22 | AL68: 7 | AM68: 10 | AN68: 2
A69: Spain | B69: Türkiye | C69: 2025-11-18 | D69: World Cup Qual. UEFA E | E69: Acasă | F69: 3.08 | G69: 21 | H69: 9 | I69: 7 | J69: 5 | K69: 16 | L69: 5 | M69: 5 | N69: 3 | O69: 0 | P69: 73 | Q69: 766 | R69: 705 | S69: 5 | T69: 14 | U69: 2 | V69: 81 | X69: 6 | Y69: 16 | Z69: 8 | AA69: 1 | AB69: 5 | AC69: 3 | AD69: 3 | AE69: 1 | AG69: 47 | AH69: 5 | AI69: 7 | AJ69: 9 | AK69: 18 | AL69: 4 | AM69: 8 | AN69: 5
A70: Austria | B70: Romania | C70: 2025-06-07 | D70: World Cup Qual. UEFA H | E70: Acasă | F70: 1.37 | G70: 14 | H70: 9 | I70: 3 | J70: 2 | K70: 10 | L70: 4 | M70: 0 | O70: 0 | P70: 60 | Q70: 506 | R70: 443 | S70: 4 | T70: 27 | U70: 8 | V70: 67 | X70: 5 | Y70: 25 | Z70: 10 | AA70: 5 | AB70: 11 | AC70: 2 | AD70: 1 | AE70: 1 | AG70: 47 | AH70: 9 | AI70: 16 | AJ70: 8 | AK70: 46 | AL70: 19 | AM70: 28 | AN70: 2
A71: Austria | B71: San Marino | C71: 2025-06-10 | D71: World Cup Qual. UEFA H | E71: Deplasare | F71: 4.66 | G71: 22 | H71: 13 | I71: 5 | J71: 4 | K71: 17 | L71: 5 | M71: 5 | N71: 3 | O71: 2 | P71: 67 | Q71: 556 | R71: 473 | S71: 7 | T71: 22 | U71: 14 | V71: 70 | X71: 6 | Y71: 24 | Z71: 15 | AA71: 1 | AB71: 15 | AC71: 4 | AD71: 3 | AE71: 2 | AG71: 66 | AH71: 5 | AI71: 11 | AJ71: 13 | AK71: 51 | AL71: 12 | AM71: 23 | AN71: 2
A72: Austria | B72: Cyprus | C72: 2025-09-06 | D72: World Cup Qual. UEFA H | E72: Acasă | F72: 2.04 | G72: 10 | H72: 3 | I72: 6 | J72: 1 | K72: 9 | L72: 1 | M72: 2 | N72: 1 | O72: 0 | P72: 71 | Q72: 514 | R72: 431 | S72: 4 | T72: 25 | U72: 3 | V72: 66 | X72: 7 | Y72: 25 | Z72: 5 | AA72: 7 | AB72: 14 | AC72: 1 | AD72: 4 | AE72: 1 | AG72: 47 | AH72: 6 | AI72: 20 | AJ72: 16 | AK72: 24 | AL72: 8 | AM72: 15 | AN72: 4
A73: Austria | B73: Bosnia & Herzegovina | C73: 2025-09-09 | D73: World Cup Qual. UEFA H | E73: Deplasare | F73: 1.81 | G73: 11 | H73: 5 | I73: 3 | J73: 3 | K73: 8 | L73: 3 | M73: 1 | N73: 0 | O73: 0 | P73: 58 | Q73: 423 | R73: 333 | S73: 1 | T73: 15 | U73: 3 | V73: 70 | X73: 2 | Y73: 22 | Z73: 16 | AA73: 8 | AB73: 21 | AC73: 1 | AD73: 2 | AE73: 5 | AF73: 1 | AG73: 44 | AH73: 3 | AI73: 40 | AJ73: 19 | AK73: 38 | AL73: 10 | AM73: 19 | AN73: 2
A74: Austria | B74: San Marino | C74: 2025-10-09 | D74: World Cup Qual. UEFA H | E74: Acasă | F74: 7.05 | G74: 25 | H74: 14 | I74: 8 | J74: 3 | K74: 21 | L74: 4 | M74: 12 | N74: 4 | O74: 2 | P74: 71 | Q74: 529 | R74: 468 | S74: 13 | T74: 18 | U74: 10 | V74: 66 | X74: 4 | Y74: 25 | Z74: 9 | AA74: 4 | AB74: 14 | AC74: 1 | AD74: 3 | AE74: 1 | AG74: 47 | AH74: 5 | AI74: 7 | AJ74: 6 | AK74: 26 | AL74: 6 | AM74: 7 | AN74: 1
A75: Austria | B75: Romania | C75: 2025-10-12 | D75: World Cup Qual. UEFA H | E75: Deplasare | F75: 0.11 | G75: 3 | H75: 1 | I75: 1 | J75: 1 | K75: 1 | L75: 2 | O75: 0 | P75: 54 | Q75: 464 | R75: 383 | S75: 1 | T75: 30 | U75: 3 | V75: 66 | X75: 4 | Y75: 21 | Z75: 10 | AA75: 8 | AC75: 2 | AD75: 1 | AE75: 4 | AG75: 41 | AH75: 7 | AI75: 21 | AJ75: 15 | AK75: 31 | AL75: 7 | AM75: 18 | AN75: 1
A76: Austria | B76: Cyprus | C76: 2025-11-15 | D76: World Cup Qual. UEFA H | E76: Deplasare | F76: 2.18 | G76: 12 | H76: 6 | I76: 5 | J76: 1 | K76: 10 | L76: 2 | M76: 6 | N76: 4 | O76: 1 | P76: 63 | Q76: 584 | R76: 505 | S76: 2 | T76: 24 | U76: 5 | V76: 76 | W76: 1 | X76: 3 | Y76: 15 | Z76: 12 | AA76: 7 | AB76: 15 | AC76: 2 | AD76: 0 | AE76: 0 | AG76: 47 | AH76: 2 | AI76: 27 | AJ76: 14 | AK76: 37 | AL76: 9 | AM76: 20 | AN76: 0
A77: Austria | B77: Bosnia & Herzegovina | C77: 2025-11-18 | D77: World Cup Qual. UEFA H | E77: Acasă | F77: 1.02 | G77: 10 | H77: 3 | I77: 5 | J77: 2 | K77: 6 | L77: 4 | M77: 2 | N77: 1 | O77: 1 | P77: 70 | Q77: 637 | R77: 551 | S77: 5 | T77: 22 | U77: 6 | V77: 84 | X77: 4 | Y77: 22 | Z77: 9 | AA77: 2 | AB77: 8 | AC77: 2 | AD77: 2 | AE77: 1 | AG77: 44 | AH77: 7 | AI77: 36 | AJ77: 12 | AK77: 27 | AL77: 11 | AM77: 14 | AN77: 0
A78: Belgium | B78: North Macedonia | C78: 2025-06-06 | D78: World Cup Qual. UEFA J | E78: Deplasare | F78: 2.01 | G78: 17 | H78: 4 | I78: 6 | J78: 7 | K78: 11 | L78: 6 | M78: 2 | N78: 1 | O78: 1 | P78: 68 | Q78: 544 | R78: 479 | S78: 6 | T78: 39 | U78: 9 | V78: 60 | W78: 1 | X78: 10 | Y78: 21 | Z78: 13 | AA78: 5 | AB78: 11 | AC78: 2 | AD78: 1 | AE78: 1 | AG78: 35 | AH78: 9 | AI78: 12 | AJ78: 9 | AK78: 34 | AL78: 7 | AM78: 12 | AN78: 1
A79: Belgium | B79: Wales | C79: 2025-06-09 | D79: World Cup Qual. UEFA J | E79: Acasă | F79: 2.86 | G79: 18 | H79: 4 | I79: 6 | J79: 8 | K79: 14 | L79: 4 | M79: 5 | N79: 2 | O79: 0 | P79: 46 | Q79: 401 | R79: 352 | S79: 3 | T79: 15 | U79: 10 | V79: 34 | W79: 2 | X79: 7 | Y79: 17 | Z79: 8 | AA79: 3 | AB79: 13 | AC79: 4 | AD79: 1 | AE79: 3 | AG79: 35 | AH79: 3 | AI79: 15 | AJ79: 15 | AK79: 24 | AL79: 0 | AM79: 6 | AN79: 5
A80: Belgium | B80: Liechtenstein | C80: 2025-09-04 | D80: World Cup Qual. UEFA J | E80: Deplasare | F80: 3.93 | G80: 24 | H80: 9 | I80: 9 | J80: 6 | K80: 17 | L80: 7 | M80: 6 | N80: 3 | O80: 1 | P80: 82 | Q80: 708 | R80: 628 | S80: 11 | T80: 49 | U80: 16 | V80: 101 | X80: 10 | Y80: 27 | Z80: 10 | AA80: 2 | AB80: 12 | AC80: 5 | AD80: 3 | AE80: 0 | AG80: 56 | AH80: 3 | AI80: 6 | AJ80: 13 | AK80: 33 | AL80: 7 | AM80: 8 | AN80: 0
A81: Belgium | B81: Kazakhstan | C81: 2025-09-07 | D81: World Cup Qual. UEFA J | E81: Acasă | F81: 3.35 | G81: 35 | H81: 15 | I81: 10 | J81: 10 | K81: 22 | L81: 13 | M81: 6 | N81: 4 | O81: 1 | P81: 75 | Q81: 652 | R81: 580 | S81: 8 | T81: 25 | U81: 9 | V81: 95 | W81: 3 | X81: 11 | Y81: 25 | Z81: 10 | AA81: 2 | AB81: 6 | AC81: 5 | AD81: 0 | AE81: 0 | AG81: 47 | AH81: 3 | AI81: 7 | AJ81: 11 | AK81: 32 | AL81: 9 | AM81: 14 | AN81: 2
A82: Belgium | B82: North Macedonia | C82: 2025-10-10 | D82: World Cup Qual. UEFA J | E82: Acasă | F82: 3.24 | G82: 25 | H82: 5 | I82: 8 | J82: 12 | K82: 20 | L82: 5 | M82: 3 | N82: 3 | O82: 0 | P82: 78 | Q82: 690 | R82: 608 | S82: 9 | T82: 35 | U82: 10 | V82: 110 | W82: 1 | X82: 13 | Y82: 22 | Z82: 8 | AA82: 5 | AB82: 15 | AC82: 3 | AD82: 2 | AE82: 3 | AG82: 60 | AH82: 3 | AI82: 15 | AJ82: 10 | AK82: 35 | AL82: 12 | AM82: 17 | AN82: 0
A83: Belgium | B83: Wales | C83: 2025-10-13 | D83: World Cup Qual. UEFA J | E83: Deplasare | F83: 3.44 | G83: 16 | H83: 6 | I83: 6 | J83: 4 | K83: 13 | L83: 3 | M83: 4 | N83: 1 | O83: 0 | P83: 38 | Q83: 313 | R83: 242 | S83: 3 | T83: 27 | U83: 11 | V83: 44 | W83: 1 | X83: 5 | Y83: 14 | Z83: 8 | AA83: 9 | AB83: 6 | AC83: 4 | AD83: 1 | AE83: 1 | AG83: 45 | AH83: 5 | AI83: 35 | AJ83: 14 | AK83: 29 | AL83: 9 | AM83: 12 | AN83: 1
A84: Belgium | B84: Kazakhstan | C84: 2025-11-15 | D84: World Cup Qual. UEFA J | E84: Deplasare | F84: 2.15 | G84: 20 | H84: 8 | I84: 8 | J84: 4 | K84: 13 | L84: 7 | M84: 4 | N84: 3 | O84: 0 | P84: 77 | Q84: 657 | R84: 588 | S84: 9 | T84: 15 | U84: 14 | V84: 62 | W84: 1 | X84: 12 | Y84: 27 | Z84: 17 | AA84: 4 | AB84: 5 | AC84: 3 | AE84: 1 | AF84: 0 | AG84: 45 | AH84: 7 | AI84: 10 | AJ84: 11 | AK84: 50 | AL84: 11 | AM84: 19 | AN84: 2
A85: Belgium | B85: Liechtenstein | C85: 2025-11-18 | D85: World Cup Qual. UEFA J | E85: Acasă | F85: 3.37 | G85: 23 | H85: 13 | I85: 5 | J85: 5 | K85: 19 | L85: 4 | M85: 6 | N85: 1 | O85: 1 | P85: 81 | Q85: 710 | R85: 654 | S85: 8 | T85: 22 | U85: 17 | V85: 83 | W85: 1 | X85: 15 | Y85: 19 | Z85: 10 | AA85: 1 | AB85: 9 | AC85: 7 | AD85: 1 | AE85: 0 | AG85: 46 | AH85: 5 | AI85: 5 | AJ85: 12 | AK85: 45 | AL85: 11 | AM85: 18 | AN85: 1
A86: Bosnia & Herzegovina | B86: Romania | C86: 2025-03-21 | D86: World Cup Qual. UEFA H | E86: Deplasare | F86: 0.96 | G86: 5 | H86: 1 | I86: 2 | J86: 2 | K86: 5 | L86: 0 | M86: 2 | N86: 1 | O86: 0 | P86: 34 | Q86: 303 | R86: 211 | S86: 2 | T86: 18 | U86: 4 | V86: 48 | X86: 1 | Y86: 21 | Z86: 14 | AA86: 16 | AB86: 25 | AC86: 4 | AD86: 3 | AE86: 3 | AG86: 49 | AH86: 9 | AI86: 33 | AJ86: 14 | AK86: 40 | AL86: 11 | AM86: 23 | AN86: 3
A87: Bosnia & Herzegovina | B87: Cyprus | C87: 2025-03-24 | D87: World Cup Qual. UEFA H | E87: Acasă | F87: 1.61 | G87: 14 | H87: 6 | I87: 7 | J87: 1 | K87: 11 | L87: 3 | M87: 3 | N87: 2 | O87: 2 | P87: 56 | Q87: 394 | R87: 299 | S87: 7 | T87: 27 | U87: 14 | V87: 69 | W87: 1 | X87: 7 | Y87: 25 | Z87: 16 | AA87: 7 | AB87: 14 | AC87: 3 | AD87: 2 | AE87: 2 | AF87: 0 | AG87: 50 | AH87: 5 | AI87: 32 | AJ87: 22 | AK87: 44 | AL87: 12 | AM87: 15 | AN87: 3
A88: Bosnia & Herzegovina | B88: San Marino | C88: 2025-06-07 | D88: World Cup Qual. UEFA H | E88: Acasă | F88: 2.62 | G88: 21 | H88: 6 | I88: 9 | J88: 6 | K88: 15 | L88: 6 | M88: 3 | N88: 2 | O88: 0 | P88: 67 | Q88: 533 | R88: 447 | S88: 8 | T88: 22 | U88: 10 | V88: 80 | X88: 5 | Y88: 29 | Z88: 12 | AA88: 5 | AB88: 21 | AC88: 4 | AD88: 0 | AE88: 1 | AG88: 43 | AH88: 9 | AI88: 13 | AJ88: 16 | AK88: 34 | AL88: 7 | AM88: 13 | AN88: 0
A89: Bosnia & Herzegovina | B89: San Marino | C89: 2025-09-06 | D89: World Cup Qual. UEFA H | E89: Deplasare | F89: 3.93 | G89: 22 | H89: 10 | I89: 5 | J89: 7 | K89: 15 | L89: 7 | M89: 4 | N89: 1 | O89: 0 | P89: 72 | Q89: 531 | R89: 488 | S89: 5 | T89: 19 | U89: 8 | V89: 67 | W89: 1 | X89: 6 | Y89: 11 | Z89: 17 | AA89: 1 | AB89: 20 | AC89: 6 | AD89: 3 | AE89: 2 | AF89: 0 | AG89: 41 | AH89: 6 | AI89: 7 | AJ89: 9 | AK89: 35 | AL89: 6 | AM89: 11 | AN89: 1
A90: Bosnia & Herzegovina | B90: Austria | C90: 2025-09-09 | D90: World Cup Qual. UEFA H | E90: Acasă | F90: 1.84 | G90: 16 | H90: 3 | I90: 10 | J90: 3 | K90: 13 | L90: 3 | M90: 3 | N90: 2 | O90: 0 | P90: 42 | Q90: 300 | R90: 214 | S90: 8 | T90: 33 | U90: 7 | V90: 62 | X90: 3 | Y90: 25 | Z90: 21 | AA90: 3 | AB90: 16 | AC90: 3 | AD90: 2 | AE90: 2 | AF90: 0 | AG90: 47 | AH90: 4 | AI90: 41 | AJ90: 23 | AK90: 37 | AL90: 5 | AM90: 9 | AN90: 3
A91: Bosnia & Herzegovina | B91: Cyprus | C91: 2025-10-09 | D91: World Cup Qual. UEFA H | E91: Deplasare | F91: 1.64 | G91: 14 | H91: 6 | I91: 5 | J91: 3 | K91: 12 | L91: 2 | M91: 2 | N91: 1 | O91: 0 | P91: 36 | Q91: 287 | R91: 201 | S91: 4 | T91: 20 | U91: 10 | V91: 49 | W91: 0 | X91: 5 | Y91: 18 | Z91: 16 | AA91: 9 | AB91: 19 | AC91: 2 | AD91: 1 | AE91: 4 | AG91: 34 | AH91: 6 | AI91: 39 | AJ91: 12 | AK91: 33 | AL91: 3 | AM91: 9 | AN91: 1
A92: Bosnia & Herzegovina | B92: Romania | C92: 2025-11-15 | D92: World Cup Qual. UEFA H | E92: Acasă | F92: 1.75 | G92: 16 | H92: 4 | I92: 8 | J92: 4 | K92: 7 | L92: 9 | M92: 4 | N92: 2 | O92: 2 | P92: 59 | Q92: 491 | R92: 413 | S92: 6 | T92: 25 | U92: 12 | V92: 65 | W92: 2 | X92: 4 | Y92: 10 | Z92: 16 | AA92: 9 | AB92: 15 | AC92: 4 | AD92: 2 | AE92: 5 | AF92: 0 | AG92: 52 | AH92: 5 | AI92: 15 | AJ92: 16 | AK92: 34 | AL92: 3 | AM92: 7 | AN92: 2
A93: Bosnia & Herzegovina | B93: Austria | C93: 2025-11-18 | D93: World Cup Qual. UEFA H | E93: Deplasare | F93: 0.95 | G93: 8 | H93: 1 | I93: 4 | J93: 3 | K93: 5 | L93: 3 | M93: 1 | N93: 0 | O93: 0 | P93: 30 | Q93: 280 | R93: 196 | S93: 1 | T93: 13 | U93: 8 | V93: 45 | X93: 2 | Y93: 31 | Z93: 8 | AA93: 7 | AB93: 9 | AC93: 1 | AD93: 1 | AE93: 2 | AG93: 40 | AH93: 9 | AI93: 57 | AJ93: 17 | AK93: 34 | AL93: 11 | AM93: 19 | AN93: 2
A94: Bosnia & Herzegovina | B94: Wales | C94: 2026-03-26 | D94: World Cup Qual. UEFA Playoffs | E94: Deplasare | F94: 1.85 | G94: 14 | H94: 5 | I94: 4 | J94: 5 | K94: 8 | L94: 6 | M94: 4 | N94: 3 | O94: 0 | P94: 38 | Q94: 440 | R94: 316 | S94: 4 | T94: 25 | U94: 6 | V94: 70 | W94: 1 | X94: 3 | Y94: 20 | Z94: 8 | AA94: 17 | AB94: 20 | AC94: 2 | AD94: 1 | AE94: 4 | AG94: 63 | AH94: 12 | AI94: 54 | AJ94: 27 | AK94: 30 | AL94: 9 | AM94: 16 | AN94: 2
A95: Bosnia & Herzegovina | B95: Italy | C95: 2026-03-31 | D95: World Cup Qual. UEFA Playoffs | E95: Acasă | F95: 2.65 | G95: 30 | H95: 11 | I95: 12 | J95: 7 | K95: 17 | L95: 13 | M95: 1 | N95: 0 | O95: 0 | P95: 65 | Q95: 699 | R95: 615 | S95: 10 | T95: 33 | U95: 18 | V95: 91 | W95: 0 | X95: 10 | Y95: 18 | Z95: 9 | AA95: 7 | AB95: 18 | AC95: 2 | AD95: 2 | AE95: 3 | AF95: 0 | AG95: 58 | AH95: 3 | AI95: 29 | AJ95: 24 | AK95: 43 | AL95: 12 | AM95: 18 | AN95: 2
A96: Sweden | B96: Slovenia | C96: 2025-09-05 | D96: World Cup Qual. UEFA B | E96: Deplasare | F96: 1.04 | G96: 6 | H96: 2 | I96: 4 | J96: 0 | K96: 5 | L96: 1 | M96: 2 | N96: 1 | O96: 0 | P96: 60 | Q96: 473 | R96: 367 | S96: 3 | T96: 20 | U96: 4 | V96: 67 | X96: 4 | Y96: 25 | Z96: 19 | AA96: 5 | AB96: 21 | AC96: 3 | AD96: 2 | AE96: 2 | AG96: 56 | AH96: 8 | AI96: 19 | AJ96: 7 | AK96: 34 | AL96: 7 | AM96: 12 | AN96: 2
A97: Sweden | B97: Kosovo | C97: 2025-09-08 | D97: World Cup Qual. UEFA B | E97: Deplasare | F97: 0.6 | G97: 14 | H97: 5 | I97: 5 | J97: 4 | K97: 9 | L97: 5 | M97: 1 | N97: 1 | O97: 0 | P97: 68 | Q97: 626 | R97: 527 | S97: 5 | T97: 18 | U97: 6 | V97: 101 | W97: 1 | X97: 5 | Y97: 24 | Z97: 13 | AA97: 8 | AB97: 12 | AC97: 2 | AD97: 3 | AE97: 4 | AF97: 0 | AG97: 68 | AH97: 12 | AI97: 15 | AJ97: 9 | AK97: 23 | AL97: 5 | AM97: 6 | AN97: 3
A98: Sweden | B98: Switzerland | C98: 2025-10-10 | D98: World Cup Qual. UEFA B | E98: Acasă | F98: 1.28 | G98: 7 | H98: 0 | I98: 6 | J98: 1 | K98: 5 | L98: 2 | M98: 3 | N98: 3 | O98: 1 | P98: 41 | Q98: 375 | R98: 296 | S98: 3 | T98: 20 | U98: 8 | V98: 50 | W98: 1 | X98: 4 | Y98: 17 | Z98: 10 | AA98: 9 | AB98: 13 | AC98: 0 | AD98: 1 | AE98: 1 | AG98: 54 | AH98: 17 | AI98: 23 | AJ98: 16 | AK98: 35 | AL98: 9 | AM98: 17 | AN98: 4
A99: Sweden | B99: Kosovo | C99: 2025-10-13 | D99: World Cup Qual. UEFA B | E99: Acasă | F99: 0.9 | G99: 13 | H99: 4 | I99: 6 | J99: 3 | K99: 12 | L99: 1 | M99: 2 | N99: 2 | O99: 0 | P99: 67 | Q99: 683 | R99: 589 | S99: 13 | T99: 25 | U99: 10 | V99: 108 | X99: 12 | Y99: 21 | Z99: 10 | AA99: 3 | AB99: 16 | AC99: 3 | AD99: 0 | AE99: 0 | AG99: 56 | AH99: 8 | AI99: 12 | AJ99: 12 | AK99: 30 | AL99: 6 | AM99: 10 | AN99: 2
A100: Sweden | B100: Switzerland | C100: 2025-11-15 | D100: World Cup Qual. UEFA B | E100: Deplasare | F100: 0.77 | G100: 6 | H100: 3 | I100: 3 | J100: 0 | K100: 5 | L100: 1 | M100: 1 | N100: 1 | O100: 0 | P100: 41 | Q100: 378 | R100: 320 | S100: 2 | T100: 23 | U100: 1 | V100: 33 | X100: 3 | Y100: 13 | Z100: 13 | AA100: 3 | AB100: 18 | AC100: 2 | AD100: 1 | AE100: 4 | AG100: 44 | AH100: 6 | AI100: 25 | AJ100: 15 | AK100: 27 | AL100: 7 | AM100: 13 | AN100: 3
...

Sheet Sumar_Echipe
A1: Echipă | B1: Meciuri | C1: xG (tot.) | D1: xG mediu/meci | E1: Șuturi total | F1: Șuturi/meci | G1: Șuturi pe poartă | H1: Șuturi/poartă per meci | I1: Șuturi în careu | J1: Șanse mari | K1: Cornere (tot.) | L1: Cornere/meci | M1: Posesie medie (%) | N1: Pase precise (tot.) | O1: Centrări (tot.) | P1: Fault comise (tot.) | Q1: Galbene (tot.) | R1: Roșii (tot.) | S1: Ofsaid (tot.) | T1: Recuperări (tot.) | U1: Interceptări (tot.) | V1: Degajări (tot.) | W1: Save-uri (tot.) | X1: Cel mai bun jucător | Y1: Rating mediu
A2: England | B2: =COUNTIF(Meciuri!$A:$A,$A2) | C2: =SUMIF(Meciuri!$A:$A,$A2,Meciuri!$F:$F) | D2: =IFERROR(ROUND(AVERAGEIF(Meciuri!$A:$A,$A2,Meciuri!$F:$F),2),"") | E2: =SUMIF(Meciuri!$A:$A,$A2,Meciuri!$G:$G) | F2: =IFERROR(ROUND(AVERAGEIF(Meciuri!$A:$A,$A2,Meciuri!$G:$G),2),"") | G2: =SUMIF(Meciuri!$A:$A,$A2,Meciuri!$H:$H) | H2: =IFERROR(ROUND(AVERAGEIF(Meciuri!$A:$A,$A2,Meciuri!$H:$H),2),"") | I2: =SUMIF(Meciuri!$A:$A,$A2,Meciuri!$K:$K) | J2: =SUMIF(Meciuri!$A:$A,$A2,Meciuri!$M:$M) | K2: =SUMIF(Meciuri!$A:$A,$A2,Meciuri!$X:$X) | L2: =IFERROR(ROUND(AVERAGEIF(Meciuri!$A:$A,$A2,Meciuri!$X:$X),2),"") | M2: =IFERROR(ROUND(AVERAGEIF(Meciuri!$A:$A,$A2,Meciuri!$P:$P),2),"") | N2: =SUMIF(Meciuri!$A:$A,$A2,Meciuri!$R:$R) | O2: =SUMIF(Meciuri!$A:$A,$A2,Meciuri!$S:$S) | P2: =SUMIF(Meciuri!$A:$A,$A2,Meciuri!$AB:$AB) | Q2: =SUMIF(Meciuri!$A:$A,$A2,Meciuri!$AE:$AE) | R2: =SUMIF(Meciuri!$A:$A,$A2,Meciuri!$AF:$AF) | S2: =SUMIF(Meciuri!$A:$A,$A2,Meciuri!$AD:$AD) | T2: =SUMIF(Meciuri!$A:$A,$A2,Meciuri!$AG:$AG) | U2: =SUMIF(Meciuri!$A:$A,$A2,Meciuri!$AH:$AH) | V2: =SUMIF(Meciuri!$A:$A,$A2,Meciuri!$AI:$AI) | W2: =SUMIF(Meciuri!$A:$A,$A2,Meciuri!$AN:$AN) | X2: Harry Kane | Y2: 7.88
A3: France | B3: =COUNTIF(Meciuri!$A:$A,$A3) | C3: =SUMIF(Meciuri!$A:$A,$A3,Meciuri!$F:$F) | D3: =IFERROR(ROUND(AVERAGEIF(Meciuri!$A:$A,$A3,Meciuri!$F:$F),2),"") | E3: =SUMIF(Meciuri!$A:$A,$A3,Meciuri!$G:$G) | F3: =IFERROR(ROUND(AVERAGEIF(Meciuri!$A:$A,$A3,Meciuri!$G:$G),2),"") | G3: =SUMIF(Meciuri!$A:$A,$A3,Meciuri!$H:$H) | H3: =IFERROR(ROUND(AVERAGEIF(Meciuri!$A:$A,$A3,Meciuri!$H:$H),2),"") | I3: =SUMIF(Meciuri!$A:$A,$A3,Meciuri!$K:$K) | J3: =SUMIF(Meciuri!$A:$A,$A3,Meciuri!$M:$M) | K3: =SUMIF(Meciuri!$A:$A,$A3,Meciuri!$X:$X) | L3: =IFERROR(ROUND(AVERAGEIF(Meciuri!$A:$A,$A3,Meciuri!$X:$X),2),"") | M3: =IFERROR(ROUND(AVERAGEIF(Meciuri!$A:$A,$A3,Meciuri!$P:$P),2),"") | N3: =SUMIF(Meciuri!$A:$A,$A3,Meciuri!$R:$R) | O3: =SUMIF(Meciuri!$A:$A,$A3,Meciuri!$S:$S) | P3: =SUMIF(Meciuri!$A:$A,$A3,Meciuri!$AB:$AB) | Q3: =SUMIF(Meciuri!$A:$A,$A3,Meciuri!$AE:$AE) | R3: =SUMIF(Meciuri!$A:$A,$A3,Meciuri!$AF:$AF) | S3: =SUMIF(Meciuri!$A:$A,$A3,Meciuri!$AD:$AD) | T3: =SUMIF(Meciuri!$A:$A,$A3,Meciuri!$AG:$AG) | U3: =SUMIF(Meciuri!$A:$A,$A3,Meciuri!$AH:$AH) | V3: =SUMIF(Meciuri!$A:$A,$A3,Meciuri!$AI:$AI) | W3: =SUMIF(Meciuri!$A:$A,$A3,Meciuri!$AN:$AN) | X3: Kylian Mbappé | Y3: 8.43
A4: Croatia | B4: =COUNTIF(Meciuri!$A:$A,$A4) | C4: =SUMIF(Meciuri!$A:$A,$A4,Meciuri!$F:$F) | D4: =IFERROR(ROUND(AVERAGEIF(Meciuri!$A:$A,$A4,Meciuri!$F:$F),2),"") | E4: =SUMIF(Meciuri!$A:$A,$A4,Meciuri!$G:$G) | F4: =IFERROR(ROUND(AVERAGEIF(Meciuri!$A:$A,$A4,Meciuri!$G:$G),2),"") | G4: =SUMIF(Meciuri!$A:$A,$A4,Meciuri!$H:$H) | H4: =IFERROR(ROUND(AVERAGEIF(Meciuri!$A:$A,$A4,Meciuri!$H:$H),2),"") | I4: =SUMIF(Meciuri!$A:$A,$A4,Meciuri!$K:$K) | J4: =SUMIF(Meciuri!$A:$A,$A4,Meciuri!$M:$M) | K4: =SUMIF(Meciuri!$A:$A,$A4,Meciuri!$X:$X) | L4: =IFERROR(ROUND(AVERAGEIF(Meciuri!$A:$A,$A4,Meciuri!$X:$X),2),"") | M4: =IFERROR(ROUND(AVERAGEIF(Meciuri!$A:$A,$A4,Meciuri!$P:$P),2),"") | N4: =SUMIF(Meciuri!$A:$A,$A4,Meciuri!$R:$R) | O4: =SUMIF(Meciuri!$A:$A,$A4,Meciuri!$S:$S) | P4: =SUMIF(Meciuri!$A:$A,$A4,Meciuri!$AB:$AB) | Q4: =SUMIF(Meciuri!$A:$A,$A4,Meciuri!$AE:$AE) | R4: =SUMIF(Meciuri!$A:$A,$A4,Meciuri!$AF:$AF) | S4: =SUMIF(Meciuri!$A:$A,$A4,Meciuri!$AD:$AD) | T4: =SUMIF(Meciuri!$A:$A,$A4,Meciuri!$AG:$AG) | U4: =SUMIF(Meciuri!$A:$A,$A4,Meciuri!$AH:$AH) | V4: =SUMIF(Meciuri!$A:$A,$A4,Meciuri!$AI:$AI) | W4: =SUMIF(Meciuri!$A:$A,$A4,Meciuri!$AN:$AN) | X4: Lovro Majer | Y4: 8.2
A5: Norway | B5: =COUNTIF(Meciuri!$A:$A,$A5) | C5: =SUMIF(Meciuri!$A:$A,$A5,Meciuri!$F:$F) | D5: =IFERROR(ROUND(AVERAGEIF(Meciuri!$A:$A,$A5,Meciuri!$F:$F),2),"") | E5: =SUMIF(Meciuri!$A:$A,$A5,Meciuri!$G:$G) | F5: =IFERROR(ROUND(AVERAGEIF(Meciuri!$A:$A,$A5,Meciuri!$G:$G),2),"") | G5: =SUMIF(Meciuri!$A:$A,$A5,Meciuri!$H:$H) | H5: =IFERROR(ROUND(AVERAGEIF(Meciuri!$A:$A,$A5,Meciuri!$H:$H),2),"") | I5: =SUMIF(Meciuri!$A:$A,$A5,Meciuri!$K:$K) | J5: =SUMIF(Meciuri!$A:$A,$A5,Meciuri!$M:$M) | K5: =SUMIF(Meciuri!$A:$A,$A5,Meciuri!$X:$X) | L5: =IFERROR(ROUND(AVERAGEIF(Meciuri!$A:$A,$A5,Meciuri!$X:$X),2),"") | M5: =IFERROR(ROUND(AVERAGEIF(Meciuri!$A:$A,$A5,Meciuri!$P:$P),2),"") | N5: =SUMIF(Meciuri!$A:$A,$A5,Meciuri!$R:$R) | O5: =SUMIF(Meciuri!$A:$A,$A5,Meciuri!$S:$S) | P5: =SUMIF(Meciuri!$A:$A,$A5,Meciuri!$AB:$AB) | Q5: =SUMIF(Meciuri!$A:$A,$A5,Meciuri!$AE:$AE) | R5: =SUMIF(Meciuri!$A:$A,$A5,Meciuri!$AF:$AF) | S5: =SUMIF(Meciuri!$A:$A,$A5,Meciuri!$AD:$AD) | T5: =SUMIF(Meciuri!$A:$A,$A5,Meciuri!$AG:$AG) | U5: =SUMIF(Meciuri!$A:$A,$A5,Meciuri!$AH:$AH) | V5: =SUMIF(Meciuri!$A:$A,$A5,Meciuri!$AI:$AI) | W5: =SUMIF(Meciuri!$A:$A,$A5,Meciuri!$AN:$AN) | X5: Martin Ødegaard | Y5: 8.76
A6: Portugal | B6: =COUNTIF(Meciuri!$A:$A,$A6) | C6: =SUMIF(Meciuri!$A:$A,$A6,Meciuri!$F:$F) | D6: =IFERROR(ROUND(AVERAGEIF(Meciuri!$A:$A,$A6,Meciuri!$F:$F),2),"") | E6: =SUMIF(Meciuri!$A:$A,$A6,Meciuri!$G:$G) | F6: =IFERROR(ROUND(AVERAGEIF(Meciuri!$A:$A,$A6,Meciuri!$G:$G),2),"") | G6: =SUMIF(Meciuri!$A:$A,$A6,Meciuri!$H:$H) | H6: =IFERROR(ROUND(AVERAGEIF(Meciuri!$A:$A,$A6,Meciuri!$H:$H),2),"") | I6: =SUMIF(Meciuri!$A:$A,$A6,Meciuri!$K:$K) | J6: =SUMIF(Meciuri!$A:$A,$A6,Meciuri!$M:$M) | K6: =SUMIF(Meciuri!$A:$A,$A6,Meciuri!$X:$X) | L6: =IFERROR(ROUND(AVERAGEIF(Meciuri!$A:$A,$A6,Meciuri!$X:$X),2),"") | M6: =IFERROR(ROUND(AVERAGEIF(Meciuri!$A:$A,$A6,Meciuri!$P:$P),2),"") | N6: =SUMIF(Meciuri!$A:$A,$A6,Meciuri!$R:$R) | O6: =SUMIF(Meciuri!$A:$A,$A6,Meciuri!$S:$S) | P6: =SUMIF(Meciuri!$A:$A,$A6,Meciuri!$AB:$AB) | Q6: =SUMIF(Meciuri!$A:$A,$A6,Meciuri!$AE:$AE) | R6: =SUMIF(Meciuri!$A:$A,$A6,Meciuri!$AF:$AF) | S6: =SUMIF(Meciuri!$A:$A,$A6,Meciuri!$AD:$AD) | T6: =SUMIF(Meciuri!$A:$A,$A6,Meciuri!$AG:$AG) | U6: =SUMIF(Meciuri!$A:$A,$A6,Meciuri!$AH:$AH) | V6: =SUMIF(Meciuri!$A:$A,$A6,Meciuri!$AI:$AI) | W6: =SUMIF(Meciuri!$A:$A,$A6,Meciuri!$AN:$AN) | X6: João Cancelo | Y6: 8.25
A7: Germany | B7: =COUNTIF(Meciuri!$A:$A,$A7) | C7: =SUMIF(Meciuri!$A:$A,$A7,Meciuri!$F:$F) | D7: =IFERROR(ROUND(AVERAGEIF(Meciuri!$A:$A,$A7,Meciuri!$F:$F),2),"") | E7: =SUMIF(Meciuri!$A:$A,$A7,Meciuri!$G:$G) | F7: =IFERROR(ROUND(AVERAGEIF(Meciuri!$A:$A,$A7,Meciuri!$G:$G),2),"") | G7: =SUMIF(Meciuri!$A:$A,$A7,Meciuri!$H:$H) | H7: =IFERROR(ROUND(AVERAGEIF(Meciuri!$A:$A,$A7,Meciuri!$H:$H),2),"") | I7: =SUMIF(Meciuri!$A:$A,$A7,Meciuri!$K:$K) | J7: =SUMIF(Meciuri!$A:$A,$A7,Meciuri!$M:$M) | K7: =SUMIF(Meciuri!$A:$A,$A7,Meciuri!$X:$X) | L7: =IFERROR(ROUND(AVERAGEIF(Meciuri!$A:$A,$A7,Meciuri!$X:$X),2),"") | M7: =IFERROR(ROUND(AVERAGEIF(Meciuri!$A:$A,$A7,Meciuri!$P:$P),2),"") | N7: =SUMIF(Meciuri!$A:$A,$A7,Meciuri!$R:$R) | O7: =SUMIF(Meciuri!$A:$A,$A7,Meciuri!$S:$S) | P7: =SUMIF(Meciuri!$A:$A,$A7,Meciuri!$AB:$AB) | Q7: =SUMIF(Meciuri!$A:$A,$A7,Meciuri!$AE:$AE) | R7: =SUMIF(Meciuri!$A:$A,$A7,Meciuri!$AF:$AF) | S7: =SUMIF(Meciuri!$A:$A,$A7,Meciuri!$AD:$AD) | T7: =SUMIF(Meciuri!$A:$A,$A7,Meciuri!$AG:$AG) | U7: =SUMIF(Meciuri!$A:$A,$A7,Meciuri!$AH:$AH) | V7: =SUMIF(Meciuri!$A:$A,$A7,Meciuri!$AI:$AI) | W7: =SUMIF(Meciuri!$A:$A,$A7,Meciuri!$AN:$AN) | X7: Florian Wirtz | Y7: 7.98
A8: Netherlands | B8: =COUNTIF(Meciuri!$A:$A,$A8) | C8: =SUMIF(Meciuri!$A:$A,$A8,Meciuri!$F:$F) | D8: =IFERROR(ROUND(AVERAGEIF(Meciuri!$A:$A,$A8,Meciuri!$F:$F),2),"") | E8: =SUMIF(Meciuri!$A:$A,$A8,Meciuri!$G:$G) | F8: =IFERROR(ROUND(AVERAGEIF(Meciuri!$A:$A,$A8,Meciuri!$G:$G),2),"") | G8: =SUMIF(Meciuri!$A:$A,$A8,Meciuri!$H:$H) | H8: =IFERROR(ROUND(AVERAGEIF(Meciuri!$A:$A,$A8,Meciuri!$H:$H),2),"") | I8: =SUMIF(Meciuri!$A:$A,$A8,Meciuri!$K:$K) | J8: =SUMIF(Meciuri!$A:$A,$A8,Meciuri!$M:$M) | K8: =SUMIF(Meciuri!$A:$A,$A8,Meciuri!$X:$X) | L8: =IFERROR(ROUND(AVERAGEIF(Meciuri!$A:$A,$A8,Meciuri!$X:$X),2),"") | M8: =IFERROR(ROUND(AVERAGEIF(Meciuri!$A:$A,$A8,Meciuri!$P:$P),2),"") | N8: =SUMIF(Meciuri!$A:$A,$A8,Meciuri!$R:$R) | O8: =SUMIF(Meciuri!$A:$A,$A8,Meciuri!$S:$S) | P8: =SUMIF(Meciuri!$A:$A,$A8,Meciuri!$AB:$AB) | Q8: =SUMIF(Meciuri!$A:$A,$A8,Meciuri!$AE:$AE) | R8: =SUMIF(Meciuri!$A:$A,$A8,Meciuri!$AF:$AF) | S8: =SUMIF(Meciuri!$A:$A,$A8,Meciuri!$AD:$AD) | T8: =SUMIF(Meciuri!$A:$A,$A8,Meciuri!$AG:$AG) | U8: =SUMIF(Meciuri!$A:$A,$A8,Meciuri!$AH:$AH) | V8: =SUMIF(Meciuri!$A:$A,$A8,Meciuri!$AI:$AI) | W8: =SUMIF(Meciuri!$A:$A,$A8,Meciuri!$AN:$AN) | X8: Cody Gakpo | Y8: 8.04
A9: Switzerland | B9: =COUNTIF(Meciuri!$A:$A,$A9) | C9: =SUMIF(Meciuri!$A:$A,$A9,Meciuri!$F:$F) | D9: =IFERROR(ROUND(AVERAGEIF(Meciuri!$A:$A,$A9,Meciuri!$F:$F),2),"") | E9: =SUMIF(Meciuri!$A:$A,$A9,Meciuri!$G:$G) | F9: =IFERROR(ROUND(AVERAGEIF(Meciuri!$A:$A,$A9,Meciuri!$G:$G),2),"") | G9: =SUMIF(Meciuri!$A:$A,$A9,Meciuri!$H:$H) | H9: =IFERROR(ROUND(AVERAGEIF(Meciuri!$A:$A,$A9,Meciuri!$H:$H),2),"") | I9: =SUMIF(Meciuri!$A:$A,$A9,Meciuri!$K:$K) | J9: =SUMIF(Meciuri!$A:$A,$A9,Meciuri!$M:$M) | K9: =SUMIF(Meciuri!$A:$A,$A9,Meciuri!$X:$X) | L9: =IFERROR(ROUND(AVERAGEIF(Meciuri!$A:$A,$A9,Meciuri!$X:$X),2),"") | M9: =IFERROR(ROUND(AVERAGEIF(Meciuri!$A:$A,$A9,Meciuri!$P:$P),2),"") | N9: =SUMIF(Meciuri!$A:$A,$A9,Meciuri!$R:$R) | O9: =SUMIF(Meciuri!$A:$A,$A9,Meciuri!$S:$S) | P9: =SUMIF(Meciuri!$A:$A,$A9,Meciuri!$AB:$AB) | Q9: =SUMIF(Meciuri!$A:$A,$A9,Meciuri!$AE:$AE) | R9: =SUMIF(Meciuri!$A:$A,$A9,Meciuri!$AF:$AF) | S9: =SUMIF(Meciuri!$A:$A,$A9,Meciuri!$AD:$AD) | T9: =SUMIF(Meciuri!$A:$A,$A9,Meciuri!$AG:$AG) | U9: =SUMIF(Meciuri!$A:$A,$A9,Meciuri!$AH:$AH) | V9: =SUMIF(Meciuri!$A:$A,$A9,Meciuri!$AI:$AI) | W9: =SUMIF(Meciuri!$A:$A,$A9,Meciuri!$AN:$AN) | X9: Remo Freuler | Y9: 7.75
A10: Scotland | B10: =COUNTIF(Meciuri!$A:$A,$A10) | C10: =SUMIF(Meciuri!$A:$A,$A10,Meciuri!$F:$F) | D10: =IFERROR(ROUND(AVERAGEIF(Meciuri!$A:$A,$A10,Meciuri!$F:$F),2),"") | E10: =SUMIF(Meciuri!$A:$A,$A10,Meciuri!$G:$G) | F10: =IFERROR(ROUND(AVERAGEIF(Meciuri!$A:$A,$A10,Meciuri!$G:$G),2),"") | G10: =SUMIF(Meciuri!$A:$A,$A10,Meciuri!$H:$H) | H10: =IFERROR(ROUND(AVERAGEIF(Meciuri!$A:$A,$A10,Meciuri!$H:$H),2),"") | I10: =SUMIF(Meciuri!$A:$A,$A10,Meciuri!$K:$K) | J10: =SUMIF(Meciuri!$A:$A,$A10,Meciuri!$M:$M) | K10: =SUMIF(Meciuri!$A:$A,$A10,Meciuri!$X:$X) | L10: =IFERROR(ROUND(AVERAGEIF(Meciuri!$A:$A,$A10,Meciuri!$X:$X),2),"") | M10: =IFERROR(ROUND(AVERAGEIF(Meciuri!$A:$A,$A10,Meciuri!$P:$P),2),"") | N10: =SUMIF(Meciuri!$A:$A,$A10,Meciuri!$R:$R) | O10: =SUMIF(Meciuri!$A:$A,$A10,Meciuri!$S:$S) | P10: =SUMIF(Meciuri!$A:$A,$A10,Meciuri!$AB:$AB) | Q10: =SUMIF(Meciuri!$A:$A,$A10,Meciuri!$AE:$AE) | R10: =SUMIF(Meciuri!$A:$A,$A10,Meciuri!$AF:$AF) | S10: =SUMIF(Meciuri!$A:$A,$A10,Meciuri!$AD:$AD) | T10: =SUMIF(Meciuri!$A:$A,$A10,Meciuri!$AG:$AG) | U10: =SUMIF(Meciuri!$A:$A,$A10,Meciuri!$AH:$AH) | V10: =SUMIF(Meciuri!$A:$A,$A10,Meciuri!$AI:$AI) | W10: =SUMIF(Meciuri!$A:$A,$A10,Meciuri!$AN:$AN) | X10: Andy Robertson | Y10: 7.3
A11: Spain | B11: =COUNTIF(Meciuri!$A:$A,$A11) | C11: =SUMIF(Meciuri!$A:$A,$A11,Meciuri!$F:$F) | D11: =IFERROR(ROUND(AVERAGEIF(Meciuri!$A:$A,$A11,Meciuri!$F:$F),2),"") | E11: =SUMIF(Meciuri!$A:$A,$A11,Meciuri!$G:$G) | F11: =IFERROR(ROUND(AVERAGEIF(Meciuri!$A:$A,$A11,Meciuri!$G:$G),2),"") | G11: =SUMIF(Meciuri!$A:$A,$A11,Meciuri!$H:$H) | H11: =IFERROR(ROUND(AVERAGEIF(Meciuri!$A:$A,$A11,Meciuri!$H:$H),2),"") | I11: =SUMIF(Meciuri!$A:$A,$A11,Meciuri!$K:$K) | J11: =SUMIF(Meciuri!$A:$A,$A11,Meciuri!$M:$M) | K11: =SUMIF(Meciuri!$A:$A,$A11,Meciuri!$X:$X) | L11: =IFERROR(ROUND(AVERAGEIF(Meciuri!$A:$A,$A11,Meciuri!$X:$X),2),"") | M11: =IFERROR(ROUND(AVERAGEIF(Meciuri!$A:$A,$A11,Meciuri!$P:$P),2),"") | N11: =SUMIF(Meciuri!$A:$A,$A11,Meciuri!$R:$R) | O11: =SUMIF(Meciuri!$A:$A,$A11,Meciuri!$S:$S) | P11: =SUMIF(Meciuri!$A:$A,$A11,Meciuri!$AB:$AB) | Q11: =SUMIF(Meciuri!$A:$A,$A11,Meciuri!$AE:$AE) | R11: =SUMIF(Meciuri!$A:$A,$A11,Meciuri!$AF:$AF) | S11: =SUMIF(Meciuri!$A:$A,$A11,Meciuri!$AD:$AD) | T11: =SUMIF(Meciuri!$A:$A,$A11,Meciuri!$AG:$AG) | U11: =SUMIF(Meciuri!$A:$A,$A11,Meciuri!$AH:$AH) | V11: =SUMIF(Meciuri!$A:$A,$A11,Meciuri!$AI:$AI) | W11: =SUMIF(Meciuri!$A:$A,$A11,Meciuri!$AN:$AN) | X11: Pedri | Y11: 8.43
A12: Austria | B12: =COUNTIF(Meciuri!$A:$A,$A12) | C12: =SUMIF(Meciuri!$A:$A,$A12,Meciuri!$F:$F) | D12: =IFERROR(ROUND(AVERAGEIF(Meciuri!$A:$A,$A12,Meciuri!$F:$F),2),"") | E12: =SUMIF(Meciuri!$A:$A,$A12,Meciuri!$G:$G) | F12: =IFERROR(ROUND(AVERAGEIF(Meciuri!$A:$A,$A12,Meciuri!$G:$G),2),"") | G12: =SUMIF(Meciuri!$A:$A,$A12,Meciuri!$H:$H) | H12: =IFERROR(ROUND(AVERAGEIF(Meciuri!$A:$A,$A12,Meciuri!$H:$H),2),"") | I12: =SUMIF(Meciuri!$A:$A,$A12,Meciuri!$K:$K) | J12: =SUMIF(Meciuri!$A:$A,$A12,Meciuri!$M:$M) | K12: =SUMIF(Meciuri!$A:$A,$A12,Meciuri!$X:$X) | L12: =IFERROR(ROUND(AVERAGEIF(Meciuri!$A:$A,$A12,Meciuri!$X:$X),2),"") | M12: =IFERROR(ROUND(AVERAGEIF(Meciuri!$A:$A,$A12,Meciuri!$P:$P),2),"") | N12: =SUMIF(Meciuri!$A:$A,$A12,Meciuri!$R:$R) | O12: =SUMIF(Meciuri!$A:$A,$A12,Meciuri!$S:$S) | P12: =SUMIF(Meciuri!$A:$A,$A12,Meciuri!$AB:$AB) | Q12: =SUMIF(Meciuri!$A:$A,$A12,Meciuri!$AE:$AE) | R12: =SUMIF(Meciuri!$A:$A,$A12,Meciuri!$AF:$AF) | S12: =SUMIF(Meciuri!$A:$A,$A12,Meciuri!$AD:$AD) | T12: =SUMIF(Meciuri!$A:$A,$A12,Meciuri!$AG:$AG) | U12: =SUMIF(Meciuri!$A:$A,$A12,Meciuri!$AH:$AH) | V12: =SUMIF(Meciuri!$A:$A,$A12,Meciuri!$AI:$AI) | W12: =SUMIF(Meciuri!$A:$A,$A12,Meciuri!$AN:$AN) | X12: Marko Arnautović | Y12: 7.87
A13: Belgium | B13: =COUNTIF(Meciuri!$A:$A,$A13) | C13: =SUMIF(Meciuri!$A:$A,$A13,Meciuri!$F:$F) | D13: =IFERROR(ROUND(AVERAGEIF(Meciuri!$A:$A,$A13,Meciuri!$F:$F),2),"") | E13: =SUMIF(Meciuri!$A:$A,$A13,Meciuri!$G:$G) | F13: =IFERROR(ROUND(AVERAGEIF(Meciuri!$A:$A,$A13,Meciuri!$G:$G),2),"") | G13: =SUMIF(Meciuri!$A:$A,$A13,Meciuri!$H:$H) | H13: =IFERROR(ROUND(AVERAGEIF(Meciuri!$A:$A,$A13,Meciuri!$H:$H),2),"") | I13: =SUMIF(Meciuri!$A:$A,$A13,Meciuri!$K:$K) | J13: =SUMIF(Meciuri!$A:$A,$A13,Meciuri!$M:$M) | K13: =SUMIF(Meciuri!$A:$A,$A13,Meciuri!$X:$X) | L13: =IFERROR(ROUND(AVERAGEIF(Meciuri!$A:$A,$A13,Meciuri!$X:$X),2),"") | M13: =IFERROR(ROUND(AVERAGEIF(Meciuri!$A:$A,$A13,Meciuri!$P:$P),2),"") | N13: =SUMIF(Meciuri!$A:$A,$A13,Meciuri!$R:$R) | O13: =SUMIF(Meciuri!$A:$A,$A13,Meciuri!$S:$S) | P13: =SUMIF(Meciuri!$A:$A,$A13,Meciuri!$AB:$AB) | Q13: =SUMIF(Meciuri!$A:$A,$A13,Meciuri!$AE:$AE) | R13: =SUMIF(Meciuri!$A:$A,$A13,Meciuri!$AF:$AF) | S13: =SUMIF(Meciuri!$A:$A,$A13,Meciuri!$AD:$AD) | T13: =SUMIF(Meciuri!$A:$A,$A13,Meciuri!$AG:$AG) | U13: =SUMIF(Meciuri!$A:$A,$A13,Meciuri!$AH:$AH) | V13: =SUMIF(Meciuri!$A:$A,$A13,Meciuri!$AI:$AI) | W13: =SUMIF(Meciuri!$A:$A,$A13,Meciuri!$AN:$AN) | X13: Jérémy Doku | Y13: 8.32
... A24: Algeria | B24: =COUNTIF(Meciuri!$A:$A,$A24) | C24: =SUMIF(Meciuri!$A:$A,$A24,Meciuri!$F:$F) | D24: =IFERROR(ROUND(AVERAGEIF(Meciuri!$A:$A,$A24,Meciuri!$F:$F),2),"") | E24: =SUMIF(Meciuri!$A:$A,$A24,Meciuri!$G:$G) | F24: =IFERROR(ROUND(AVERAGEIF(Meciuri!$A:$A,$A24,Meciuri!$G:$G),2),"") | G24: =SUMIF(Meciuri!$A:$A,$A24,Meciuri!$H:$H) | H24: =IFERROR(ROUND(AVERAGEIF(Meciuri!$A:$A,$A24,Meciuri!$H:$H),2),"") | I24: =SUMIF(Meciuri!$A:$A,$A24,Meciuri!$K:$K) | J24: =SUMIF(Meciuri!$A:$A,$A24,Meciuri!$M:$M) | K24: =SUMIF(Meciuri!$A:$A,$A24,Meciuri!$X:$X) | L24: =IFERROR(ROUND(AVERAGEIF(Meciuri!$A:$A,$A24,Meciuri!$X:$X),2),"") | M24: =IFERROR(ROUND(AVERAGEIF(Meciuri!$A:$A,$A24,Meciuri!$P:$P),2),"") | N24: =SUMIF(Meciuri!$A:$A,$A24,Meciuri!$R:$R) | O24: =SUMIF(Meciuri!$A:$A,$A24,Meciuri!$S:$S) | P24: =SUMIF(Meciuri!$A:$A,$A24,Meciuri!$AB:$AB) | Q24: =SUMIF(Meciuri!$A:$A,$A24,Meciuri!$AE:$AE) | R24: =SUMIF(Meciuri!$A:$A,$A24,Meciuri!$AF:$AF) | S24: =SUMIF(Meciuri!$A:$A,$A24,Meciuri!$AD:$AD) | T24: =SUMIF(Meciuri!$A:$A,$A24,Meciuri!$AG:$AG) | U24: =SUMIF(Meciuri!$A:$A,$A24,Meciuri!$AH:$AH) | V24: =SUMIF(Meciuri!$A:$A,$A24,Meciuri!$AI:$AI) | W24: =SUMIF(Meciuri!$A:$A,$A24,Meciuri!$AN:$AN) | X24: Mohamed Amoura | Y24: 8.33
A25: Cape Verde | B25: =COUNTIF(Meciuri!$A:$A,$A25) | C25: =SUMIF(Meciuri!$A:$A,$A25,Meciuri!$F:$F) | D25: =IFERROR(ROUND(AVERAGEIF(Meciuri!$A:$A,$A25,Meciuri!$F:$F),2),"") | E25: =SUMIF(Meciuri!$A:$A,$A25,Meciuri!$G:$G) | F25: =IFERROR(ROUND(AVERAGEIF(Meciuri!$A:$A,$A25,Meciuri!$G:$G),2),"") | G25: =SUMIF(Meciuri!$A:$A,$A25,Meciuri!$H:$H) | H25: =IFERROR(ROUND(AVERAGEIF(Meciuri!$A:$A,$A25,Meciuri!$H:$H),2),"") | I25: =SUMIF(Meciuri!$A:$A,$A25,Meciuri!$K:$K) | J25: =SUMIF(Meciuri!$A:$A,$A25,Meciuri!$M:$M) | K25: =SUMIF(Meciuri!$A:$A,$A25,Meciuri!$X:$X) | L25: =IFERROR(ROUND(AVERAGEIF(Meciuri!$A:$A,$A25,Meciuri!$X:$X),2),"") | M25: =IFERROR(ROUND(AVERAGEIF(Meciuri!$A:$A,$A25,Meciuri!$P:$P),2),"") | N25: =SUMIF(Meciuri!$A:$A,$A25,Meciuri!$R:$R) | O25: =SUMIF(Meciuri!$A:$A,$A25,Meciuri!$S:$S) | P25: =SUMIF(Meciuri!$A:$A,$A25,Meciuri!$AB:$AB) | Q25: =SUMIF(Meciuri!$A:$A,$A25,Meciuri!$AE:$AE) | R25: =SUMIF(Meciuri!$A:$A,$A25,Meciuri!$AF:$AF) | S25: =SUMIF(Meciuri!$A:$A,$A25,Meciuri!$AD:$AD) | T25: =SUMIF(Meciuri!$A:$A,$A25,Meciuri!$AG:$AG) | U25: =SUMIF(Meciuri!$A:$A,$A25,Meciuri!$AH:$AH) | V25: =SUMIF(Meciuri!$A:$A,$A25,Meciuri!$AI:$AI) | W25: =SUMIF(Meciuri!$A:$A,$A25,Meciuri!$AN:$AN) | X25: —
A26: Egypt | B26: =COUNTIF(Meciuri!$A:$A,$A26) | C26: =SUMIF(Meciuri!$A:$A,$A26,Meciuri!$F:$F) | D26: =IFERROR(ROUND(AVERAGEIF(Meciuri!$A:$A,$A26,Meciuri!$F:$F),2),"") | E26: =SUMIF(Meciuri!$A:$A,$A26,Meciuri!$G:$G) | F26: =IFERROR(ROUND(AVERAGEIF(Meciuri!$A:$A,$A26,Meciuri!$G:$G),2),"") | G26: =SUMIF(Meciuri!$A:$A,$A26,Meciuri!$H:$H) | H26: =IFERROR(ROUND(AVERAGEIF(Meciuri!$A:$A,$A26,Meciuri!$H:$H),2),"") | I26: =SUMIF(Meciuri!$A:$A,$A26,Meciuri!$K:$K) | J26: =SUMIF(Meciuri!$A:$A,$A26,Meciuri!$M:$M) | K26: =SUMIF(Meciuri!$A:$A,$A26,Meciuri!$X:$X) | L26: =IFERROR(ROUND(AVERAGEIF(Meciuri!$A:$A,$A26,Meciuri!$X:$X),2),"") | M26: =IFERROR(ROUND(AVERAGEIF(Meciuri!$A:$A,$A26,Meciuri!$P:$P),2),"") | N26: =SUMIF(Meciuri!$A:$A,$A26,Meciuri!$R:$R) | O26: =SUMIF(Meciuri!$A:$A,$A26,Meciuri!$S:$S) | P26: =SUMIF(Meciuri!$A:$A,$A26,Meciuri!$AB:$AB) | Q26: =SUMIF(Meciuri!$A:$A,$A26,Meciuri!$AE:$AE) | R26: =SUMIF(Meciuri!$A:$A,$A26,Meciuri!$AF:$AF) | S26: =SUMIF(Meciuri!$A:$A,$A26,Meciuri!$AD:$AD) | T26: =SUMIF(Meciuri!$A:$A,$A26,Meciuri!$AG:$AG) | U26: =SUMIF(Meciuri!$A:$A,$A26,Meciuri!$AH:$AH) | V26: =SUMIF(Meciuri!$A:$A,$A26,Meciuri!$AI:$AI) | W26: =SUMIF(Meciuri!$A:$A,$A26,Meciuri!$AN:$AN) | X26: —
A27: Ghana | B27: =COUNTIF(Meciuri!$A:$A,$A27) | C27: =SUMIF(Meciuri!$A:$A,$A27,Meciuri!$F:$F) | D27: =IFERROR(ROUND(AVERAGEIF(Meciuri!$A:$A,$A27,Meciuri!$F:$F),2),"") | E27: =SUMIF(Meciuri!$A:$A,$A27,Meciuri!$G:$G) | F27: =IFERROR(ROUND(AVERAGEIF(Meciuri!$A:$A,$A27,Meciuri!$G:$G),2),"") | G27: =SUMIF(Meciuri!$A:$A,$A27,Meciuri!$H:$H) | H27: =IFERROR(ROUND(AVERAGEIF(Meciuri!$A:$A,$A27,Meciuri!$H:$H),2),"") | I27: =SUMIF(Meciuri!$A:$A,$A27,Meciuri!$K:$K) | J27: =SUMIF(Meciuri!$A:$A,$A27,Meciuri!$M:$M) | K27: =SUMIF(Meciuri!$A:$A,$A27,Meciuri!$X:$X) | L27: =IFERROR(ROUND(AVERAGEIF(Meciuri!$A:$A,$A27,Meciuri!$X:$X),2),"") | M27: =IFERROR(ROUND(AVERAGEIF(Meciuri!$A:$A,$A27,Meciuri!$P:$P),2),"") | N27: =SUMIF(Meciuri!$A:$A,$A27,Meciuri!$R:$R) | O27: =SUMIF(Meciuri!$A:$A,$A27,Meciuri!$S:$S) | P27: =SUMIF(Meciuri!$A:$A,$A27,Meciuri!$AB:$AB) | Q27: =SUMIF(Meciuri!$A:$A,$A27,Meciuri!$AE:$AE) | R27: =SUMIF(Meciuri!$A:$A,$A27,Meciuri!$AF:$AF) | S27: =SUMIF(Meciuri!$A:$A,$A27,Meciuri!$AD:$AD) | T27: =SUMIF(Meciuri!$A:$A,$A27,Meciuri!$AG:$AG) | U27: =SUMIF(Meciuri!$A:$A,$A27,Meciuri!$AH:$AH) | V27: =SUMIF(Meciuri!$A:$A,$A27,Meciuri!$AI:$AI) | W27: =SUMIF(Meciuri!$A:$A,$A27,Meciuri!$AN:$AN) | X27: —
A28: Ivory Coast | B28: =COUNTIF(Meciuri!$A:$A,$A28) | C28: =SUMIF(Meciuri!$A:$A,$A28,Meciuri!$F:$F) | D28: =IFERROR(ROUND(AVERAGEIF(Meciuri!$A:$A,$A28,Meciuri!$F:$F),2),"") | E28: =SUMIF(Meciuri!$A:$A,$A28,Meciuri!$G:$G) | F28: =IFERROR(ROUND(AVERAGEIF(Meciuri!$A:$A,$A28,Meciuri!$G:$G),2),"") | G28: =SUMIF(Meciuri!$A:$A,$A28,Meciuri!$H:$H) | H28: =IFERROR(ROUND(AVERAGEIF(Meciuri!$A:$A,$A28,Meciuri!$H:$H),2),"") | I28: =SUMIF(Meciuri!$A:$A,$A28,Meciuri!$K:$K) | J28: =SUMIF(Meciuri!$A:$A,$A28,Meciuri!$M:$M) | K28: =SUMIF(Meciuri!$A:$A,$A28,Meciuri!$X:$X) | L28: =IFERROR(ROUND(AVERAGEIF(Meciuri!$A:$A,$A28,Meciuri!$X:$X),2),"") | M28: =IFERROR(ROUND(AVERAGEIF(Meciuri!$A:$A,$A28,Meciuri!$P:$P),2),"") | N28: =SUMIF(Meciuri!$A:$A,$A28,Meciuri!$R:$R) | O28: =SUMIF(Meciuri!$A:$A,$A28,Meciuri!$S:$S) | P28: =SUMIF(Meciuri!$A:$A,$A28,Meciuri!$AB:$AB) | Q28: =SUMIF(Meciuri!$A:$A,$A28,Meciuri!$AE:$AE) | R28: =SUMIF(Meciuri!$A:$A,$A28,Meciuri!$AF:$AF) | S28: =SUMIF(Meciuri!$A:$A,$A28,Meciuri!$AD:$AD) | T28: =SUMIF(Meciuri!$A:$A,$A28,Meciuri!$AG:$AG) | U28: =SUMIF(Meciuri!$A:$A,$A28,Meciuri!$AH:$AH) | V28: =SUMIF(Meciuri!$A:$A,$A28,Meciuri!$AI:$AI) | W28: =SUMIF(Meciuri!$A:$A,$A28,Meciuri!$AN:$AN) | X28: —
A29: Morocco | B29: =COUNTIF(Meciuri!$A:$A,$A29) | C29: =SUMIF(Meciuri!$A:$A,$A29,Meciuri!$F:$F) | D29: =IFERROR(ROUND(AVERAGEIF(Meciuri!$A:$A,$A29,Meciuri!$F:$F),2),"") | E29: =SUMIF(Meciuri!$A:$A,$A29,Meciuri!$G:$G) | F29: =IFERROR(ROUND(AVERAGEIF(Meciuri!$A:$A,$A29,Meciuri!$G:$G),2),"") | G29: =SUMIF(Meciuri!$A:$A,$A29,Meciuri!$H:$H) | H29: =IFERROR(ROUND(AVERAGEIF(Meciuri!$A:$A,$A29,Meciuri!$H:$H),2),"") | I29: =SUMIF(Meciuri!$A:$A,$A29,Meciuri!$K:$K) | J29: =SUMIF(Meciuri!$A:$A,$A29,Meciuri!$M:$M) | K29: =SUMIF(Meciuri!$A:$A,$A29,Meciuri!$X:$X) | L29: =IFERROR(ROUND(AVERAGEIF(Meciuri!$A:$A,$A29,Meciuri!$X:$X),2),"") | M29: =IFERROR(ROUND(AVERAGEIF(Meciuri!$A:$A,$A29,Meciuri!$P:$P),2),"") | N29: =SUMIF(Meciuri!$A:$A,$A29,Meciuri!$R:$R) | O29: =SUMIF(Meciuri!$A:$A,$A29,Meciuri!$S:$S) | P29: =SUMIF(Meciuri!$A:$A,$A29,Meciuri!$AB:$AB) | Q29: =SUMIF(Meciuri!$A:$A,$A29,Meciuri!$AE:$AE) | R29: =SUMIF(Meciuri!$A:$A,$A29,Meciuri!$AF:$AF) | S29: =SUMIF(Meciuri!$A:$A,$A29,Meciuri!$AD:$AD) | T29: =SUMIF(Meciuri!$A:$A,$A29,Meciuri!$AG:$AG) | U29: =SUMIF(Meciuri!$A:$A,$A29,Meciuri!$AH:$AH) | V29: =SUMIF(Meciuri!$A:$A,$A29,Meciuri!$AI:$AI) | W29: =SUMIF(Meciuri!$A:$A,$A29,Meciuri!$AN:$AN) | X29: Achraf Hakimi | Y29: 7.85
A30: Senegal | B30: =COUNTIF(Meciuri!$A:$A,$A30) | C30: =SUMIF(Meciuri!$A:$A,$A30,Meciuri!$F:$F) | D30: =IFERROR(ROUND(AVERAGEIF(Meciuri!$A:$A,$A30,Meciuri!$F:$F),2),"") | E30: =SUMIF(Meciuri!$A:$A,$A30,Meciuri!$G:$G) | F30: =IFERROR(ROUND(AVERAGEIF(Meciuri!$A:$A,$A30,Meciuri!$G:$G),2),"") | G30: =SUMIF(Meciuri!$A:$A,$A30,Meciuri!$H:$H) | H30: =IFERROR(ROUND(AVERAGEIF(Meciuri!$A:$A,$A30,Meciuri!$H:$H),2),"") | I30: =SUMIF(Meciuri!$A:$A,$A30,Meciuri!$K:$K) | J30: =SUMIF(Meciuri!$A:$A,$A30,Meciuri!$M:$M) | K30: =SUMIF(Meciuri!$A:$A,$A30,Meciuri!$X:$X) | L30: =IFERROR(ROUND(AVERAGEIF(Meciuri!$A:$A,$A30,Meciuri!$X:$X),2),"") | M30: =IFERROR(ROUND(AVERAGEIF(Meciuri!$A:$A,$A30,Meciuri!$P:$P),2),"") | N30: =SUMIF(Meciuri!$A:$A,$A30,Meciuri!$R:$R) | O30: =SUMIF(Meciuri!$A:$A,$A30,Meciuri!$S:$S) | P30: =SUMIF(Meciuri!$A:$A,$A30,Meciuri!$AB:$AB) | Q30: =SUMIF(Meciuri!$A:$A,$A30,Meciuri!$AE:$AE) | R30: =SUMIF(Meciuri!$A:$A,$A30,Meciuri!$AF:$AF) | S30: =SUMIF(Meciuri!$A:$A,$A30,Meciuri!$AD:$AD) | T30: =SUMIF(Meciuri!$A:$A,$A30,Meciuri!$AG:$AG) | U30: =SUMIF(Meciuri!$A:$A,$A30,Meciuri!$AH:$AH) | V30: =SUMIF(Meciuri!$A:$A,$A30,Meciuri!$AI:$AI) | W30: =SUMIF(Meciuri!$A:$A,$A30,Meciuri!$AN:$AN) | X30: Kalidou Koulibaly | Y30: 7.92
A31: South Africa | B31: =COUNTIF(Meciuri!$A:$A,$A31) | C31: =SUMIF(Meciuri!$A:$A,$A31,Meciuri!$F:$F) | D31: =IFERROR(ROUND(AVERAGEIF(Meciuri!$A:$A,$A31,Meciuri!$F:$F),2),"") | E31: =SUMIF(Meciuri!$A:$A,$A31,Meciuri!$G:$G) | F31: =IFERROR(ROUND(AVERAGEIF(Meciuri!$A:$A,$A31,Meciuri!$G:$G),2),"") | G31: =SUMIF(Meciuri!$A:$A,$A31,Meciuri!$H:$H) | H31: =IFERROR(ROUND(AVERAGEIF(Meciuri!$A:$A,$A31,Meciuri!$H:$H),2),"") | I31: =SUMIF(Meciuri!$A:$A,$A31,Meciuri!$K:$K) | J31: =SUMIF(Meciuri!$A:$A,$A31,Meciuri!$M:$M) | K31: =SUMIF(Meciuri!$A:$A,$A31,Meciuri!$X:$X) | L31: =IFERROR(ROUND(AVERAGEIF(Meciuri!$A:$A,$A31,Meciuri!$X:$X),2),"") | M31: =IFERROR(ROUND(AVERAGEIF(Meciuri!$A:$A,$A31,Meciuri!$P:$P),2),"") | N31: =SUMIF(Meciuri!$A:$A,$A31,Meciuri!$R:$R) | O31: =SUMIF(Meciuri!$A:$A,$A31,Meciuri!$S:$S) | P31: =SUMIF(Meciuri!$A:$A,$A31,Meciuri!$AB:$AB) | Q31: =SUMIF(Meciuri!$A:$A,$A31,Meciuri!$AE:$AE) | R31: =SUMIF(Meciuri!$A:$A,$A31,Meciuri!$AF:$AF) | S31: =SUMIF(Meciuri!$A:$A,$A31,Meciuri!$AD:$AD) | T31: =SUMIF(Meciuri!$A:$A,$A31,Meciuri!$AG:$AG) | U31: =SUMIF(Meciuri!$A:$A,$A31,Meciuri!$AH:$AH) | V31: =SUMIF(Meciuri!$A:$A,$A31,Meciuri!$AI:$AI) | W31: =SUMIF(Meciuri!$A:$A,$A31,Meciuri!$AN:$AN) | X31: Oswin Appollis | Y31: 7.75
A32: Tunisia | B32: =COUNTIF(Meciuri!$A:$A,$A32) | C32: =SUMIF(Meciuri!$A:$A,$A32,Meciuri!$F:$F) | D32: =IFERROR(ROUND(AVERAGEIF(Meciuri!$A:$A,$A32,Meciuri!$F:$F),2),"") | E32: =SUMIF(Meciuri!$A:$A,$A32,Meciuri!$G:$G) | F32: =IFERROR(ROUND(AVERAGEIF(Meciuri!$A:$A,$A32,Meciuri!$G:$G),2),"") | G32: =SUMIF(Meciuri!$A:$A,$A32,Meciuri!$H:$H) | H32: =IFERROR(ROUND(AVERAGEIF(Meciuri!$A:$A,$A32,Meciuri!$H:$H),2),"") | I32: =SUMIF(Meciuri!$A:$A,$A32,Meciuri!$K:$K) | J32: =SUMIF(Meciuri!$A:$A,$A32,Meciuri!$M:$M) | K32: =SUMIF(Meciuri!$A:$A,$A32,Meciuri!$X:$X) | L32: =IFERROR(ROUND(AVERAGEIF(Meciuri!$A:$A,$A32,Meciuri!$X:$X),2),"") | M32: =IFERROR(ROUND(AVERAGEIF(Meciuri!$A:$A,$A32,Meciuri!$P:$P),2),"") | N32: =SUMIF(Meciuri!$A:$A,$A32,Meciuri!$R:$R) | O32: =SUMIF(Meciuri!$A:$A,$A32,Meciuri!$S:$S) | P32: =SUMIF(Meciuri!$A:$A,$A32,Meciuri!$AB:$AB) | Q32: =SUMIF(Meciuri!$A:$A,$A32,Meciuri!$AE:$AE) | R32: =SUMIF(Meciuri!$A:$A,$A32,Meciuri!$AF:$AF) | S32: =SUMIF(Meciuri!$A:$A,$A32,Meciuri!$AD:$AD) | T32: =SUMIF(Meciuri!$A:$A,$A32,Meciuri!$AG:$AG) | U32: =SUMIF(Meciuri!$A:$A,$A32,Meciuri!$AH:$AH) | V32: =SUMIF(Meciuri!$A:$A,$A32,Meciuri!$AI:$AI) | W32: =SUMIF(Meciuri!$A:$A,$A32,Meciuri!$AN:$AN) | X32: Hannibal Mejbri | Y32: 7.8
A33: Panama | B33: =COUNTIF(Meciuri!$A:$A,$A33) | C33: =SUMIF(Meciuri!$A:$A,$A33,Meciuri!$F:$F) | D33: =IFERROR(ROUND(AVERAGEIF(Meciuri!$A:$A,$A33,Meciuri!$F:$F),2),"") | E33: =SUMIF(Meciuri!$A:$A,$A33,Meciuri!$G:$G) | F33: =IFERROR(ROUND(AVERAGEIF(Meciuri!$A:$A,$A33,Meciuri!$G:$G),2),"") | G33: =SUMIF(Meciuri!$A:$A,$A33,Meciuri!$H:$H) | H33: =IFERROR(ROUND(AVERAGEIF(Meciuri!$A:$A,$A33,Meciuri!$H:$H),2),"") | I33: =SUMIF(Meciuri!$A:$A,$A33,Meciuri!$K:$K) | J33: =SUMIF(Meciuri!$A:$A,$A33,Meciuri!$M:$M) | K33: =SUMIF(Meciuri!$A:$A,$A33,Meciuri!$X:$X) | L33: =IFERROR(ROUND(AVERAGEIF(Meciuri!$A:$A,$A33,Meciuri!$X:$X),2),"") | M33: =IFERROR(ROUND(AVERAGEIF(Meciuri!$A:$A,$A33,Meciuri!$P:$P),2),"") | N33: =SUMIF(Meciuri!$A:$A,$A33,Meciuri!$R:$R) | O33: =SUMIF(Meciuri!$A:$A,$A33,Meciuri!$S:$S) | P33: =SUMIF(Meciuri!$A:$A,$A33,Meciuri!$AB:$AB) | Q33: =SUMIF(Meciuri!$A:$A,$A33,Meciuri!$AE:$AE) | R33: =SUMIF(Meciuri!$A:$A,$A33,Meciuri!$AF:$AF) | S33: =SUMIF(Meciuri!$A:$A,$A33,Meciuri!$AD:$AD) | T33: =SUMIF(Meciuri!$A:$A,$A33,Meciuri!$AG:$AG) | U33: =SUMIF(Meciuri!$A:$A,$A33,Meciuri!$AH:$AH) | V33: =SUMIF(Meciuri!$A:$A,$A33,Meciuri!$AI:$AI) | W33: =SUMIF(Meciuri!$A:$A,$A33,Meciuri!$AN:$AN) | X33: Amir Murillo | Y33: 7.49
A34: Curacao | B34: =COUNTIF(Meciuri!$A:$A,$A34) | C34: =SUMIF(Meciuri!$A:$A,$A34,Meciuri!$F:$F) | D34: =IFERROR(ROUND(AVERAGEIF(Meciuri!$A:$A,$A34,Meciuri!$F:$F),2),"") | E34: =SUMIF(Meciuri!$A:$A,$A34,Meciuri!$G:$G) | F34: =IFERROR(ROUND(AVERAGEIF(Meciuri!$A:$A,$A34,Meciuri!$G:$G),2),"") | G34: =SUMIF(Meciuri!$A:$A,$A34,Meciuri!$H:$H) | H34: =IFERROR(ROUND(AVERAGEIF(Meciuri!$A:$A,$A34,Meciuri!$H:$H),2),"") | I34: =SUMIF(Meciuri!$A:$A,$A34,Meciuri!$K:$K) | J34: =SUMIF(Meciuri!$A:$A,$A34,Meciuri!$M:$M) | K34: =SUMIF(Meciuri!$A:$A,$A34,Meciuri!$X:$X) | L34: =IFERROR(ROUND(AVERAGEIF(Meciuri!$A:$A,$A34,Meciuri!$X:$X),2),"") | M34: =IFERROR(ROUND(AVERAGEIF(Meciuri!$A:$A,$A34,Meciuri!$P:$P),2),"") | N34: =SUMIF(Meciuri!$A:$A,$A34,Meciuri!$R:$R) | O34: =SUMIF(Meciuri!$A:$A,$A34,Meciuri!$S:$S) | P34: =SUMIF(Meciuri!$A:$A,$A34,Meciuri!$AB:$AB) | Q34: =SUMIF(Meciuri!$A:$A,$A34,Meciuri!$AE:$AE) | R34: =SUMIF(Meciuri!$A:$A,$A34,Meciuri!$AF:$AF) | S34: =SUMIF(Meciuri!$A:$A,$A34,Meciuri!$AD:$AD) | T34: =SUMIF(Meciuri!$A:$A,$A34,Meciuri!$AG:$AG) | U34: =SUMIF(Meciuri!$A:$A,$A34,Meciuri!$AH:$AH) | V34: =SUMIF(Meciuri!$A:$A,$A34,Meciuri!$AI:$AI) | W34: =SUMIF(Meciuri!$A:$A,$A34,Meciuri!$AN:$AN) | X34: Juninho Bacuna | Y34: 7.57
A35: Haiti | B35: =COUNTIF(Meciuri!$A:$A,$A35) | C35: =SUMIF(Meciuri!$A:$A,$A35,Meciuri!$F:$F) | D35: =IFERROR(ROUND(AVERAGEIF(Meciuri!$A:$A,$A35,Meciuri!$F:$F),2),"") | E35: =SUMIF(Meciuri!$A:$A,$A35,Meciuri!$G:$G) | F35: =IFERROR(ROUND(AVERAGEIF(Meciuri!$A:$A,$A35,Meciuri!$G:$G),2),"") | G35: =SUMIF(Meciuri!$A:$A,$A35,Meciuri!$H:$H) | H35: =IFERROR(ROUND(AVERAGEIF(Meciuri!$A:$A,$A35,Meciuri!$H:$H),2),"") | I35: =SUMIF(Meciuri!$A:$A,$A35,Meciuri!$K:$K) | J35: =SUMIF(Meciuri!$A:$A,$A35,Meciuri!$M:$M) | K35: =SUMIF(Meciuri!$A:$A,$A35,Meciuri!$X:$X) | L35: =IFERROR(ROUND(AVERAGEIF(Meciuri!$A:$A,$A35,Meciuri!$X:$X),2),"") | M35: =IFERROR(ROUND(AVERAGEIF(Meciuri!$A:$A,$A35,Meciuri!$P:$P),2),"") | N35: =SUMIF(Meciuri!$A:$A,$A35,Meciuri!$R:$R) | O35: =SUMIF(Meciuri!$A:$A,$A35,Meciuri!$S:$S) | P35: =SUMIF(Meciuri!$A:$A,$A35,Meciuri!$AB:$AB) | Q35: =SUMIF(Meciuri!$A:$A,$A35,Meciuri!$AE:$AE) | R35: =SUMIF(Meciuri!$A:$A,$A35,Meciuri!$AF:$AF) | S35: =SUMIF(Meciuri!$A:$A,$A35,Meciuri!$AD:$AD) | T35: =SUMIF(Meciuri!$A:$A,$A35,Meciuri!$AG:$AG) | U35: =SUMIF(Meciuri!$A:$A,$A35,Meciuri!$AH:$AH) | V35: =SUMIF(Meciuri!$A:$A,$A35,Meciuri!$AI:$AI) | W35: =SUMIF(Meciuri!$A:$A,$A35,Meciuri!$AN:$AN) | X35: Fafà Picault | Y35: 7.78
A36: Australia | B36: =COUNTIF(Meciuri!$A:$A,$A36) | C36: =SUMIF(Meciuri!$A:$A,$A36,Meciuri!$F:$F) | D36: =IFERROR(ROUND(AVERAGEIF(Meciuri!$A:$A,$A36,Meciuri!$F:$F),2),"") | E36: =SUMIF(Meciuri!$A:$A,$A36,Meciuri!$G:$G) | F36: =IFERROR(ROUND(AVERAGEIF(Meciuri!$A:$A,$A36,Meciuri!$G:$G),2),"") | G36: =SUMIF(Meciuri!$A:$A,$A36,Meciuri!$H:$H) | H36: =IFERROR(ROUND(AVERAGEIF(Meciuri!$A:$A,$A36,Meciuri!$H:$H),2),"") | I36: =SUMIF(Meciuri!$A:$A,$A36,Meciuri!$K:$K) | J36: =SUMIF(Meciuri!$A:$A,$A36,Meciuri!$M:$M) | K36: =SUMIF(Meciuri!$A:$A,$A36,Meciuri!$X:$X) | L36: =IFERROR(ROUND(AVERAGEIF(Meciuri!$A:$A,$A36,Meciuri!$X:$X),2),"") | M36: =IFERROR(ROUND(AVERAGEIF(Meciuri!$A:$A,$A36,Meciuri!$P:$P),2),"") | N36: =SUMIF(Meciuri!$A:$A,$A36,Meciuri!$R:$R) | O36: =SUMIF(Meciuri!$A:$A,$A36,Meciuri!$S:$S) | P36: =SUMIF(Meciuri!$A:$A,$A36,Meciuri!$AB:$AB) | Q36: =SUMIF(Meciuri!$A:$A,$A36,Meciuri!$AE:$AE) | R36: =SUMIF(Meciuri!$A:$A,$A36,Meciuri!$AF:$AF) | S36: =SUMIF(Meciuri!$A:$A,$A36,Meciuri!$AD:$AD) | T36: =SUMIF(Meciuri!$A:$A,$A36,Meciuri!$AG:$AG) | U36: =SUMIF(Meciuri!$A:$A,$A36,Meciuri!$AH:$AH) | V36: =SUMIF(Meciuri!$A:$A,$A36,Meciuri!$AI:$AI) | W36: =SUMIF(Meciuri!$A:$A,$A36,Meciuri!$AN:$AN) | X36: Harry Souttar | Y36: 7.55
A37: Iran | B37: =COUNTIF(Meciuri!$A:$A,$A37) | C37: =SUMIF(Meciuri!$A:$A,$A37,Meciuri!$F:$F) | D37: =IFERROR(ROUND(AVERAGEIF(Meciuri!$A:$A,$A37,Meciuri!$F:$F),2),"") | E37: =SUMIF(Meciuri!$A:$A,$A37,Meciuri!$G:$G) | F37: =IFERROR(ROUND(AVERAGEIF(Meciuri!$A:$A,$A37,Meciuri!$G:$G),2),"") | G37: =SUMIF(Meciuri!$A:$A,$A37,Meciuri!$H:$H) | H37: =IFERROR(ROUND(AVERAGEIF(Meciuri!$A:$A,$A37,Meciuri!$H:$H),2),"") | I37: =SUMIF(Meciuri!$A:$A,$A37,Meciuri!$K:$K) | J37: =SUMIF(Meciuri!$A:$A,$A37,Meciuri!$M:$M) | K37: =SUMIF(Meciuri!$A:$A,$A37,Meciuri!$X:$X) | L37: =IFERROR(ROUND(AVERAGEIF(Meciuri!$A:$A,$A37,Meciuri!$X:$X),2),"") | M37: =IFERROR(ROUND(AVERAGEIF(Meciuri!$A:$A,$A37,Meciuri!$P:$P),2),"") | N37: =SUMIF(Meciuri!$A:$A,$A37,Meciuri!$R:$R) | O37: =SUMIF(Meciuri!$A:$A,$A37,Meciuri!$S:$S) | P37: =SUMIF(Meciuri!$A:$A,$A37,Meciuri!$AB:$AB) | Q37: =SUMIF(Meciuri!$A:$A,$A37,Meciuri!$AE:$AE) | R37: =SUMIF(Meciuri!$A:$A,$A37,Meciuri!$AF:$AF) | S37: =SUMIF(Meciuri!$A:$A,$A37,Meciuri!$AD:$AD) | T37: =SUMIF(Meciuri!$A:$A,$A37,Meciuri!$AG:$AG) | U37: =SUMIF(Meciuri!$A:$A,$A37,Meciuri!$AH:$AH) | V37: =SUMIF(Meciuri!$A:$A,$A37,Meciuri!$AI:$AI) | W37: =SUMIF(Meciuri!$A:$A,$A37,Meciuri!$AN:$AN) | X37: Mohammad Mohebi | Y37: 7.91
A38: Japan | B38: =COUNTIF(Meciuri!$A:$A,$A38) | C38: =SUMIF(Meciuri!$A:$A,$A38,Meciuri!$F:$F) | D38: =IFERROR(ROUND(AVERAGEIF(Meciuri!$A:$A,$A38,Meciuri!$F:$F),2),"") | E38: =SUMIF(Meciuri!$A:$A,$A38,Meciuri!$G:$G) | F38: =IFERROR(ROUND(AVERAGEIF(Meciuri!$A:$A,$A38,Meciuri!$G:$G),2),"") | G38: =SUMIF(Meciuri!$A:$A,$A38,Meciuri!$H:$H) | H38: =IFERROR(ROUND(AVERAGEIF(Meciuri!$A:$A,$A38,Meciuri!$H:$H),2),"") | I38: =SUMIF(Meciuri!$A:$A,$A38,Meciuri!$K:$K) | J38: =SUMIF(Meciuri!$A:$A,$A38,Meciuri!$M:$M) | K38: =SUMIF(Meciuri!$A:$A,$A38,Meciuri!$X:$X) | L38: =IFERROR(ROUND(AVERAGEIF(Meciuri!$A:$A,$A38,Meciuri!$X:$X),2),"") | M38: =IFERROR(ROUND(AVERAGEIF(Meciuri!$A:$A,$A38,Meciuri!$P:$P),2),"") | N38: =SUMIF(Meciuri!$A:$A,$A38,Meciuri!$R:$R) | O38: =SUMIF(Meciuri!$A:$A,$A38,Meciuri!$S:$S) | P38: =SUMIF(Meciuri!$A:$A,$A38,Meciuri!$AB:$AB) | Q38: =SUMIF(Meciuri!$A:$A,$A38,Meciuri!$AE:$AE) | R38: =SUMIF(Meciuri!$A:$A,$A38,Meciuri!$AF:$AF) | S38: =SUMIF(Meciuri!$A:$A,$A38,Meciuri!$AD:$AD) | T38: =SUMIF(Meciuri!$A:$A,$A38,Meciuri!$AG:$AG) | U38: =SUMIF(Meciuri!$A:$A,$A38,Meciuri!$AH:$AH) | V38: =SUMIF(Meciuri!$A:$A,$A38,Meciuri!$AI:$AI) | W38: =SUMIF(Meciuri!$A:$A,$A38,Meciuri!$AN:$AN) | X38: Takefusa Kubo | Y38: 7.86
A39: Jordan | B39: =COUNTIF(Meciuri!$A:$A,$A39) | C39: =SUMIF(Meciuri!$A:$A,$A39,Meciuri!$F:$F) | D39: =IFERROR(ROUND(AVERAGEIF(Meciuri!$A:$A,$A39,Meciuri!$F:$F),2),"") | E39: =SUMIF(Meciuri!$A:$A,$A39,Meciuri!$G:$G) | F39: =IFERROR(ROUND(AVERAGEIF(Meciuri!$A:$A,$A39,Meciuri!$G:$G),2),"") | G39: =SUMIF(Meciuri!$A:$A,$A39,Meciuri!$H:$H) | H39: =IFERROR(ROUND(AVERAGEIF(Meciuri!$A:$A,$A39,Meciuri!$H:$H),2),"") | I39: =SUMIF(Meciuri!$A:$A,$A39,Meciuri!$K:$K) | J39: =SUMIF(Meciuri!$A:$A,$A39,Meciuri!$M:$M) | K39: =SUMIF(Meciuri!$A:$A,$A39,Meciuri!$X:$X) | L39: =IFERROR(ROUND(AVERAGEIF(Meciuri!$A:$A,$A39,Meciuri!$X:$X),2),"") | M39: =IFERROR(ROUND(AVERAGEIF(Meciuri!$A:$A,$A39,Meciuri!$P:$P),2),"") | N39: =SUMIF(Meciuri!$A:$A,$A39,Meciuri!$R:$R) | O39: =SUMIF(Meciuri!$A:$A,$A39,Meciuri!$S:$S) | P39: =SUMIF(Meciuri!$A:$A,$A39,Meciuri!$AB:$AB) | Q39: =SUMIF(Meciuri!$A:$A,$A39,Meciuri!$AE:$AE) | R39: =SUMIF(Meciuri!$A:$A,$A39,Meciuri!$AF:$AF) | S39: =SUMIF(Meciuri!$A:$A,$A39,Meciuri!$AD:$AD) | T39: =SUMIF(Meciuri!$A:$A,$A39,Meciuri!$AG:$AG) | U39: =SUMIF(Meciuri!$A:$A,$A39,Meciuri!$AH:$AH) | V39: =SUMIF(Meciuri!$A:$A,$A39,Meciuri!$AI:$AI) | W39: =SUMIF(Meciuri!$A:$A,$A39,Meciuri!$AN:$AN) | X39: Yazan Al-Naimat | Y39: 7.22
A40: Qatar | B40: =COUNTIF(Meciuri!$A:$A,$A40) | C40: =SUMIF(Meciuri!$A:$A,$A40,Meciuri!$F:$F) | D40: =IFERROR(ROUND(AVERAGEIF(Meciuri!$A:$A,$A40,Meciuri!$F:$F),2),"") | E40: =SUMIF(Meciuri!$A:$A,$A40,Meciuri!$G:$G) | F40: =IFERROR(ROUND(AVERAGEIF(Meciuri!$A:$A,$A40,Meciuri!$G:$G),2),"") | G40: =SUMIF(Meciuri!$A:$A,$A40,Meciuri!$H:$H) | H40: =IFERROR(ROUND(AVERAGEIF(Meciuri!$A:$A,$A40,Meciuri!$H:$H),2),"") | I40: =SUMIF(Meciuri!$A:$A,$A40,Meciuri!$K:$K) | J40: =SUMIF(Meciuri!$A:$A,$A40,Meciuri!$M:$M) | K40: =SUMIF(Meciuri!$A:$A,$A40,Meciuri!$X:$X) | L40: =IFERROR(ROUND(AVERAGEIF(Meciuri!$A:$A,$A40,Meciuri!$X:$X),2),"") | M40: =IFERROR(ROUND(AVERAGEIF(Meciuri!$A:$A,$A40,Meciuri!$P:$P),2),"") | N40: =SUMIF(Meciuri!$A:$A,$A40,Meciuri!$R:$R) | O40: =SUMIF(Meciuri!$A:$A,$A40,Meciuri!$S:$S) | P40: =SUMIF(Meciuri!$A:$A,$A40,Meciuri!$AB:$AB) | Q40: =SUMIF(Meciuri!$A:$A,$A40,Meciuri!$AE:$AE) | R40: =SUMIF(Meciuri!$A:$A,$A40,Meciuri!$AF:$AF) | S40: =SUMIF(Meciuri!$A:$A,$A40,Meciuri!$AD:$AD) | T40: =SUMIF(Meciuri!$A:$A,$A40,Meciuri!$AG:$AG) | U40: =SUMIF(Meciuri!$A:$A,$A40,Meciuri!$AH:$AH) | V40: =SUMIF(Meciuri!$A:$A,$A40,Meciuri!$AI:$AI) | W40: =SUMIF(Meciuri!$A:$A,$A40,Meciuri!$AN:$AN) | X40: Akram Afif | Y40: 8.06
... A43: Uzbekistan | B43: =COUNTIF(Meciuri!$A:$A,$A43) | C43: =SUMIF(Meciuri!$A:$A,$A43,Meciuri!$F:$F) | D43: =IFERROR(ROUND(AVERAGEIF(Meciuri!$A:$A,$A43,Meciuri!$F:$F),2),"") | E43: =SUMIF(Meciuri!$A:$A,$A43,Meciuri!$G:$G) | F43: =IFERROR(ROUND(AVERAGEIF(Meciuri!$A:$A,$A43,Meciuri!$G:$G),2),"") | G43: =SUMIF(Meciuri!$A:$A,$A43,Meciuri!$H:$H) | H43: =IFERROR(ROUND(AVERAGEIF(Meciuri!$A:$A,$A43,Meciuri!$H:$H),2),"") | I43: =SUMIF(Meciuri!$A:$A,$A43,Meciuri!$K:$K) | J43: =SUMIF(Meciuri!$A:$A,$A43,Meciuri!$M:$M) | K43: =SUMIF(Meciuri!$A:$A,$A43,Meciuri!$X:$X) | L43: =IFERROR(ROUND(AVERAGEIF(Meciuri!$A:$A,$A43,Meciuri!$X:$X),2),"") | M43: =IFERROR(ROUND(AVERAGEIF(Meciuri!$A:$A,$A43,Meciuri!$P:$P),2),"") | N43: =SUMIF(Meciuri!$A:$A,$A43,Meciuri!$R:$R) | O43: =SUMIF(Meciuri!$A:$A,$A43,Meciuri!$S:$S) | P43: =SUMIF(Meciuri!$A:$A,$A43,Meciuri!$AB:$AB) | Q43: =SUMIF(Meciuri!$A:$A,$A43,Meciuri!$AE:$AE) | R43: =SUMIF(Meciuri!$A:$A,$A43,Meciuri!$AF:$AF) | S43: =SUMIF(Meciuri!$A:$A,$A43,Meciuri!$AD:$AD) | T43: =SUMIF(Meciuri!$A:$A,$A43,Meciuri!$AG:$AG) | U43: =SUMIF(Meciuri!$A:$A,$A43,Meciuri!$AH:$AH) | V43: =SUMIF(Meciuri!$A:$A,$A43,Meciuri!$AI:$AI) | W43: =SUMIF(Meciuri!$A:$A,$A43,Meciuri!$AN:$AN) | X43: Jaloliddin Masharipov | Y43: 7.46
A44: New Zealand | B44: =COUNTIF(Meciuri!$A:$A,$A44) | C44: =SUMIF(Meciuri!$A:$A,$A44,Meciuri!$F:$F) | D44: =IFERROR(ROUND(AVERAGEIF(Meciuri!$A:$A,$A44,Meciuri!$F:$F),2),"") | E44: =SUMIF(Meciuri!$A:$A,$A44,Meciuri!$G:$G) | F44: =IFERROR(ROUND(AVERAGEIF(Meciuri!$A:$A,$A44,Meciuri!$G:$G),2),"") | G44: =SUMIF(Meciuri!$A:$A,$A44,Meciuri!$H:$H) | H44: =IFERROR(ROUND(AVERAGEIF(Meciuri!$A:$A,$A44,Meciuri!$H:$H),2),"") | I44: =SUMIF(Meciuri!$A:$A,$A44,Meciuri!$K:$K) | J44: =SUMIF(Meciuri!$A:$A,$A44,Meciuri!$M:$M) | K44: =SUMIF(Meciuri!$A:$A,$A44,Meciuri!$X:$X) | L44: =IFERROR(ROUND(AVERAGEIF(Meciuri!$A:$A,$A44,Meciuri!$X:$X),2),"") | M44: =IFERROR(ROUND(AVERAGEIF(Meciuri!$A:$A,$A44,Meciuri!$P:$P),2),"") | N44: =SUMIF(Meciuri!$A:$A,$A44,Meciuri!$R:$R) | O44: =SUMIF(Meciuri!$A:$A,$A44,Meciuri!$S:$S) | P44: =SUMIF(Meciuri!$A:$A,$A44,Meciuri!$AB:$AB) | Q44: =SUMIF(Meciuri!$A:$A,$A44,Meciuri!$AE:$AE) | R44: =SUMIF(Meciuri!$A:$A,$A44,Meciuri!$AF:$AF) | S44: =SUMIF(Meciuri!$A:$A,$A44,Meciuri!$AD:$AD) | T44: =SUMIF(Meciuri!$A:$A,$A44,Meciuri!$AG:$AG) | U44: =SUMIF(Meciuri!$A:$A,$A44,Meciuri!$AH:$AH) | V44: =SUMIF(Meciuri!$A:$A,$A44,Meciuri!$AI:$AI) | W44: =SUMIF(Meciuri!$A:$A,$A44,Meciuri!$AN:$AN) | X44: —
A45: DR Congo | B45: =COUNTIF(Meciuri!$A:$A,$A45) | C45: =SUMIF(Meciuri!$A:$A,$A45,Meciuri!$F:$F) | D45: =IFERROR(ROUND(AVERAGEIF(Meciuri!$A:$A,$A45,Meciuri!$F:$F),2),"") | E45: =SUMIF(Meciuri!$A:$A,$A45,Meciuri!$G:$G) | F45: =IFERROR(ROUND(AVERAGEIF(Meciuri!$A:$A,$A45,Meciuri!$G:$G),2),"") | G45: =SUMIF(Meciuri!$A:$A,$A45,Meciuri!$H:$H) | H45: =IFERROR(ROUND(AVERAGEIF(Meciuri!$A:$A,$A45,Meciuri!$H:$H),2),"") | I45: =SUMIF(Meciuri!$A:$A,$A45,Meciuri!$K:$K) | J45: =SUMIF(Meciuri!$A:$A,$A45,Meciuri!$M:$M) | K45: =SUMIF(Meciuri!$A:$A,$A45,Meciuri!$X:$X) | L45: =IFERROR(ROUND(AVERAGEIF(Meciuri!$A:$A,$A45,Meciuri!$X:$X),2),"") | M45: =IFERROR(ROUND(AVERAGEIF(Meciuri!$A:$A,$A45,Meciuri!$P:$P),2),"") | N45: =SUMIF(Meciuri!$A:$A,$A45,Meciuri!$R:$R) | O45: =SUMIF(Meciuri!$A:$A,$A45,Meciuri!$S:$S) | P45: =SUMIF(Meciuri!$A:$A,$A45,Meciuri!$AB:$AB) | Q45: =SUMIF(Meciuri!$A:$A,$A45,Meciuri!$AE:$AE) | R45: =SUMIF(Meciuri!$A:$A,$A45,Meciuri!$AF:$AF) | S45: =SUMIF(Meciuri!$A:$A,$A45,Meciuri!$AD:$AD) | T45: =SUMIF(Meciuri!$A:$A,$A45,Meciuri!$AG:$AG) | U45: =SUMIF(Meciuri!$A:$A,$A45,Meciuri!$AH:$AH) | V45: =SUMIF(Meciuri!$A:$A,$A45,Meciuri!$AI:$AI) | W45: =SUMIF(Meciuri!$A:$A,$A45,Meciuri!$AN:$AN) | X45: —
A46: Iraq | B46: =COUNTIF(Meciuri!$A:$A,$A46) | C46: =SUMIF(Meciuri!$A:$A,$A46,Meciuri!$F:$F) | D46: =IFERROR(ROUND(AVERAGEIF(Meciuri!$A:$A,$A46,Meciuri!$F:$F),2),"") | E46: =SUMIF(Meciuri!$A:$A,$A46,Meciuri!$G:$G) | F46: =IFERROR(ROUND(AVERAGEIF(Meciuri!$A:$A,$A46,Meciuri!$G:$G),2),"") | G46: =SUMIF(Meciuri!$A:$A,$A46,Meciuri!$H:$H) | H46: =IFERROR(ROUND(AVERAGEIF(Meciuri!$A:$A,$A46,Meciuri!$H:$H),2),"") | I46: =SUMIF(Meciuri!$A:$A,$A46,Meciuri!$K:$K) | J46: =SUMIF(Meciuri!$A:$A,$A46,Meciuri!$M:$M) | K46: =SUMIF(Meciuri!$A:$A,$A46,Meciuri!$X:$X) | L46: =IFERROR(ROUND(AVERAGEIF(Meciuri!$A:$A,$A46,Meciuri!$X:$X),2),"") | M46: =IFERROR(ROUND(AVERAGEIF(Meciuri!$A:$A,$A46,Meciuri!$P:$P),2),"") | N46: =SUMIF(Meciuri!$A:$A,$A46,Meciuri!$R:$R) | O46: =SUMIF(Meciuri!$A:$A,$A46,Meciuri!$S:$S) | P46: =SUMIF(Meciuri!$A:$A,$A46,Meciuri!$AB:$AB) | Q46: =SUMIF(Meciuri!$A:$A,$A46,Meciuri!$AE:$AE) | R46: =SUMIF(Meciuri!$A:$A,$A46,Meciuri!$AF:$AF) | S46: =SUMIF(Meciuri!$A:$A,$A46,Meciuri!$AD:$AD) | T46: =SUMIF(Meciuri!$A:$A,$A46,Meciuri!$AG:$AG) | U46: =SUMIF(Meciuri!$A:$A,$A46,Meciuri!$AH:$AH) | V46: =SUMIF(Meciuri!$A:$A,$A46,Meciuri!$AI:$AI) | W46: =SUMIF(Meciuri!$A:$A,$A46,Meciuri!$AN:$AN) | X46: Aymen Hussein | Y46: 7.17

Sheet FBref_Extra
A1: Echipă | B1: Meciuri jucate | C1: xG (FBref) | D1: npxG (FBref) | E1: Posesie (%) | F1: Goluri | G1: Assist | H1: Galbene | I1: Roșii | J1: Șuturi | K1: Șuturi pe poartă | L1: GA (goluri primite) | M1: GA/90 | N1: Salvări | O1: Salvări % | P1: Clean Sheets | Q1: SoTA | R1: xG jucători (sum.) | S1: Șuturi jucători (sum.) | T1: SoT jucători (sum.)
A2: Andorra | B2: 8 | E2: 25.9 | F2: 3 | G2: 2 | H2: 15 | I2: 1
A3: Armenia | B3: 6 | E3: 39.5 | F3: 3 | G3: 2 | H3: 5 | I3: 1
A4: Austria | B4: 8 | E4: 64.3 | F4: 22 | G4: 17 | H4: 15 | I4: 1
A5: Azerbaijan | B5: 6 | E5: 30.8 | F5: 2 | G5: 1 | H5: 14 | I5: 0
A6: Belarus | B6: 6 | E6: 33.2 | F6: 4 | G6: 2 | H6: 14 | I6: 0
A7: Belgium | B7: 8 | E7: 68.1 | F7: 29 | G7: 20 | H7: 9 | I7: 0
A8: Bosnia & Herzegovina | B8: 10 | E8: 49.9 | F8: 18 | G8: 11 | H8: 28 | I8: 0
A9: Bulgaria | B9: 6 | E9: 27.2 | F9: 3 | G9: 2 | H9: 8 | I9: 0
A10: Croatia | B10: 8 | E10: 70.3 | F10: 25 | G10: 18 | H10: 6 | I10: 0
A11: Cyprus | B11: 8 | E11: 51.9 | F11: 11 | G11: 7 | H11: 19 | I11: 1
A12: Czechia | B12: 10 | E12: 55.2 | F12: 22 | G12: 18 | H12: 9 | I12: 0
A13: Denmark | B13: 8 | E13: 67 | F13: 22 | G13: 16 | H13: 11 | I13: 1
... A54: Wales | B54: 9 | E54: 68.2 | F54: 22 | G54: 16 | H54: 13 | I54: 0

Sheet AiScore_Echipe
A1: Confederatie | B1: Echipa | C1: Goluri | D1: Goluri(PK) | E1: Pase decisive | F1: Crt Rosii | G1: Crt Galbene | H1: Suturi Total | I1: Suturi pe Poarta | J1: Degajari | K1: Pase Cheie | L1: Centrari | M1: Centrari Precise | N1: Faulturi Comise | O1: Faulturi Primite
A2: CONMEBOL | B2: Argentina | C2: 31 | E2: 26 | F2: 3 | G2: 25 | H2: 213 | I2: 81 | J2: 216 | K2: 167 | L2: 197 | M2: 53 | N2: 193 | O2: 280
A3: CONMEBOL | B3: Bolivia | C3: 17 | D3: 4 | E3: 12 | F3: 4 | G3: 30 | H3: 209 | I3: 73 | J3: 330 | K3: 162 | L3: 198 | M3: 43 | N3: 220 | O3: 161
A4: CONMEBOL | B4: Brazil | C4: 24 | D4: 3 | E4: 14 | F4: 1 | G4: 40 | H4: 215 | I4: 76 | J4: 231 | K4: 160 | L4: 265 | M4: 62 | N4: 229 | O4: 265
A5: CONMEBOL | B5: Chile | C5: 9 | E5: 5 | F5: 3 | G5: 39 | H5: 189 | I5: 55 | J5: 243 | K5: 130 | L5: 280 | M5: 67 | N5: 215 | O5: 226
A6: CONMEBOL | B6: Colombia | C6: 28 | D6: 2 | E6: 22 | F6: 1 | G6: 37 | H6: 247 | I6: 96 | J6: 297 | K6: 201 | L6: 301 | M6: 87 | N6: 253 | O6: 208
A7: CONMEBOL | B7: Ecuador | C7: 14 | D7: 2 | E7: 10 | F7: 3 | G7: 23 | H7: 192 | I7: 70 | J7: 347 | K7: 138 | L7: 233 | M7: 46 | N7: 232 | O7: 195
A8: CONMEBOL | B8: Paraguay | C8: 14 | D8: 1 | E8: 10 | F8: 1 | G8: 36 | H8: 198 | I8: 67 | J8: 407 | K8: 132 | L8: 277 | M8: 68 | N8: 247 | O8: 175
A9: CONMEBOL | B9: Peru | C9: 6 | E9: 5 | F9: 1 | G9: 38 | H9: 147 | I9: 42 | J9: 377 | K9: 96 | L9: 193 | M9: 49 | N9: 233 | O9: 213
A10: CONMEBOL | B10: Uruguay | C10: 22 | D10: 1 | E10: 17 | G10: 38 | H10: 188 | I10: 58 | J10: 343 | K10: 146 | L10: 294 | M10: 60 | N10: 237 | O10: 223
A11: CONMEBOL | B11: Venezuela | C11: 18 | D11: 2 | E11: 11 | F11: 1 | G11: 42 | H11: 188 | I11: 69 | J11: 367 | K11: 131 | L11: 273 | M11: 58 | N11: 240 | O11: 229
A12: UEFA | B12: Albania | C12: 8 | D12: 1 | E12: 5 | G12: 11 | H12: 85 | I12: 27 | J12: 167 | K12: 60 | L12: 139 | M12: 23 | N12: 80 | O12: 127
A13: UEFA | B13: Andorra | C13: 3 | E13: 2 | F13: 1 | G13: 14 | H13: 30 | I13: 6 | J13: 235 | K13: 23 | L13: 54 | M13: 7 | N13: 99 | O13: 65
A14: UEFA | B14: Armenia | C14: 3 | D14: 1 | E14: 2 | F14: 1 | G14: 5 | H14: 44 | I14: 17 | J14: 165 | K14: 32 | L14: 36 | M14: 6 | N14: 62 | O14: 56
A15: UEFA | B15: Austria | C15: 22 | D15: 2 | E15: 16 | F15: 1 | G15: 11 | H15: 107 | I15: 54 | J15: 178 | K15: 78 | L15: 159 | M15: 37 | N15: 115 | O15: 85
A16: UEFA | B16: Azerbaijan | C16: 3 | D16: 1 | E16: 1 | G16: 14 | H16: 24 | I16: 6 | J16: 195 | K16: 17 | L16: 43 | M16: 10 | N16: 69 | O16: 61
A17: UEFA | B17: Belarus | C17: 4 | D17: 1 | E17: 2 | G17: 14 | H17: 58 | I17: 15 | J17: 192 | K17: 43 | L17: 84 | M17: 21 | N17: 78 | O17: 54
A18: UEFA | B18: Belgium | C18: 29 | D18: 4 | E18: 19 | G18: 9 | H18: 178 | I18: 64 | J18: 105 | K18: 134 | L18: 205 | M18: 57 | N18: 77 | O18: 82
A19: UEFA | B19: Bosnia and Herzegovina | C19: 19 | E19: 11 | G19: 27 | H19: 160 | I19: 53 | J19: 320 | K19: 124 | L19: 205 | M19: 55 | N19: 177 | O19: 129
A20: UEFA | B20: Bulgaria | C20: 3 | E20: 2 | G20: 8 | H20: 27 | I20: 9 | J20: 203 | K20: 22 | L20: 37 | M20: 10 | N20: 60 | O20: 49
A21: UEFA | B21: Croatia | C21: 26 | D21: 3 | E21: 18 | G21: 6 | H21: 181 | I21: 68 | J21: 156 | K21: 142 | L21: 242 | M21: 61 | N21: 71 | O21: 83
A22: UEFA | B22: Cyprus | C22: 11 | D22: 2 | E22: 5 | F22: 1 | G22: 18 | H22: 112 | I22: 39 | J22: 189 | K22: 82 | L22: 154 | M22: 42 | N22: 94 | O22: 122
A23: UEFA | B23: Czechia | C23: 22 | D23: 1 | E23: 17 | G23: 9 | H23: 163 | I23: 61 | J23: 273 | K23: 124 | L23: 284 | M23: 81 | N23: 156 | O23: 94
A24: UEFA | B24: Denmark | C24: 22 | D24: 1 | E24: 14 | F24: 1 | G24: 9 | H24: 162 | I24: 59 | J24: 159 | K24: 133 | L24: 232 | M24: 57 | N24: 84 | O24: 107
A25: UEFA | B25: England | C25: 22 | D25: 2 | E25: 15 | G25: 6 | H25: 151 | I25: 63 | J25: 65 | K25: 122 | L25: 190 | M25: 48 | N25: 76 | O25: 78
A26: UEFA | B26: Estonia | C26: 8 | E26: 4 | F26: 2 | G26: 20 | H26: 61 | I26: 24 | J26: 262 | K26: 38 | L26: 97 | M26: 15 | N26: 119 | O26: 70
A27: UEFA | B27: Faroe Islands | C27: 11 | D27: 1 | E27: 5 | G27: 13 | H27: 72 | I27: 31 | J27: 323 | K27: 50 | L27: 151 | M27: 29 | N27: 86 | O27: 80
A28: UEFA | B28: Finland | C28: 8 | D28: 2 | E28: 2 | G28: 9 | H28: 80 | I28: 35 | J28: 214 | K28: 54 | L28: 106 | M28: 21 | N28: 106 | O28: 81
A29: UEFA | B29: France | C29: 16 | D29: 2 | E29: 12 | F29: 1 | G29: 6 | H29: 131 | I29: 46 | J29: 59 | K29: 102 | L29: 135 | M29: 29 | N29: 61 | O29: 73
A30: UEFA | B30: Georgia | C30: 7 | E30: 3 | G30: 9 | H30: 66 | I30: 18 | J30: 104 | K30: 50 | L30: 93 | M30: 18 | N30: 58 | O30: 73
A31: UEFA | B31: Germany | C31: 16 | D31: 1 | E31: 11 | G31: 8 | H31: 103 | I31: 37 | J31: 105 | K31: 82 | L31: 130 | M31: 30 | N31: 72 | O31: 57
A32: UEFA | B32: Gibraltar | C32: 3 | E32: 2 | G32: 12 | H32: 26 | I32: 6 | J32: 333 | K32: 14 | L32: 55 | M32: 4 | N32: 79 | O32: 88
A33: UEFA | B33: Greece | C33: 10 | E33: 7 | F33: 1 | G33: 11 | H33: 95 | I33: 35 | J33: 105 | K33: 71 | L33: 111 | M33: 27 | N33: 79 | O33: 74
A34: UEFA | B34: Hungary | C34: 11 | E34: 10 | F34: 1 | G34: 11 | H34: 76 | I34: 29 | J34: 196 | K34: 61 | L34: 110 | M34: 40 | N34: 60 | O34: 69
A35: UEFA | B35: Iceland | C35: 13 | E35: 9 | G35: 8 | H35: 61 | I35: 24 | J35: 186 | K35: 52 | L35: 93 | M35: 25 | N35: 67 | O35: 76
A36: UEFA | B36: Ireland | C36: 11 | D36: 2 | E36: 8 | G36: 22 | H36: 84 | I36: 30 | J36: 186 | K36: 61 | L36: 145 | M36: 52 | N36: 84 | O36: 72
A37: UEFA | B37: Israel | C37: 19 | D37: 2 | E37: 12 | G37: 8 | H37: 120 | I37: 52 | J37: 189 | K37: 101 | L37: 82 | M37: 17 | N37: 74 | O37: 85
A38: UEFA | B38: Italy | C38: 24 | D38: 1 | E38: 20 | F38: 1 | G38: 13 | H38: 202 | I38: 67 | J38: 180 | K38: 155 | L38: 271 | M38: 91 | N38: 103 | O38: 131
A39: UEFA | B39: Kazakhstan | C39: 9 | D39: 1 | E39: 6 | F39: 1 | G39: 19 | H39: 107 | I39: 31 | J39: 220 | K39: 80 | L39: 112 | M39: 27 | N39: 106 | O39: 69
A40: UEFA | B40: Kosovo | C40: 10 | E40: 5 | F40: 1 | G40: 17 | H40: 76 | I40: 27 | J40: 206 | K40: 49 | L40: 112 | M40: 24 | N40: 89 | O40: 94
A41: UEFA | B41: Latvia | C41: 5 | D41: 1 | E41: 3 | G41: 18 | H41: 55 | I41: 18 | J41: 260 | K41: 37 | L41: 106 | M41: 19 | N41: 94 | O41: 78
A42: UEFA | B42: Liechtenstein | G42: 14 | H42: 19 | I42: 7 | J42: 300 | K42: 13 | L42: 24 | M42: 5 | N42: 86 | O42: 70
A43: UEFA | B43: Lithuania | C43: 6 | D43: 1 | E43: 4 | F43: 1 | G43: 17 | H43: 69 | I43: 22 | J43: 263 | K43: 49 | L43: 109 | M43: 24 | N43: 128 | O43: 122
A44: UEFA | B44: Luxembourg | C44: 1 | E44: 1 | F44: 2 | G44: 20 | H44: 45 | I44: 14 | J44: 154 | K44: 31 | L44: 65 | M44: 10 | N44: 76 | O44: 70
A45: UEFA | B45: Malta | C45: 4 | D45: 1 | E45: 2 | F45: 3 | G45: 21 | H45: 74 | I45: 24 | J45: 208 | K45: 49 | L45: 98 | M45: 20 | N45: 112 | O45: 95
A46: UEFA | B46: Moldova | C46: 5 | E46: 2 | F46: 2 | G46: 14 | H46: 79 | I46: 26 | J46: 278 | K46: 52 | L46: 108 | M46: 28 | N46: 87 | O46: 78
A47: UEFA | B47: Montenegro | C47: 8 | D47: 1 | E47: 3 | F47: 1 | G47: 18 | H47: 120 | I47: 40 | J47: 226 | K47: 88 | L47: 185 | M47: 52 | N47: 107 | O47: 106
A48: UEFA | B48: Netherlands | C48: 27 | D48: 5 | E48: 18 | G48: 6 | H48: 139 | I48: 52 | J48: 112 | K48: 113 | L48: 183 | M48: 55 | N48: 80 | O48: 91
A49: UEFA | B49: North Macedonia | C49: 13 | E49: 9 | G49: 21 | H49: 91 | I49: 34 | J49: 238 | K49: 60 | L49: 118 | M49: 27 | N49: 91 | O49: 113
A50: UEFA | B50: Northern Ireland | C50: 7 | D50: 1 | E50: 1 | F50: 1 | G50: 17 | H50: 62 | I50: 20 | J50: 198 | K50: 37 | L50: 102 | M50: 17 | N50: 93 | O50: 83
A51: UEFA | B51: Norway | C51: 37 | D51: 1 | E51: 29 | G51: 7 | H51: 155 | I51: 61 | J51: 105 | K51: 121 | L51: 149 | M51: 46 | N51: 71 | O51: 85
A52: UEFA | B52: Poland | C52: 18 | E52: 14 | G52: 17 | H52: 169 | I52: 62 | J52: 247 | K52: 125 | L52: 216 | M52: 44 | N52: 122 | O52: 128
A53: UEFA | B53: Portugal | C53: 20 | D53: 3 | E53: 10 | F53: 1 | G53: 8 | H53: 150 | I53: 50 | J53: 67 | K53: 110 | L53: 165 | M53: 49 | N53: 42 | O53: 48
A54: UEFA | B54: Romania | C54: 19 | D54: 3 | E54: 9 | F54: 1 | G54: 15 | H54: 120 | I54: 43 | J54: 193 | K54: 87 | L54: 121 | M54: 39 | N54: 115 | O54: 120
A55: UEFA | B55: San Marino | C55: 2 | E55: 1 | F55: 1 | G55: 19 | H55: 35 | I55: 8 | J55: 253 | K55: 22 | L55: 54 | M55: 11 | N55: 115 | O55: 114
A56: UEFA | B56: Scotland | C56: 13 | E56: 7 | G56: 12 | H56: 67 | I56: 29 | J56: 176 | K56: 54 | L56: 125 | M56: 39 | N56: 76 | O56: 75
A57: UEFA | B57: Serbia | C57: 9 | D57: 2 | E57: 6 | F57: 1 | G57: 9 | H57: 113 | I57: 34 | J57: 157 | K57: 84 | L57: 198 | M57: 57 | N57: 98 | O57: 91
A58: UEFA | B58: Slovakia | C58: 9 | E58: 7 | G58: 8 | H58: 74 | I58: 24 | J58: 197 | K58: 53 | L58: 104 | M58: 27 | N58: 88 | O58: 103
A59: UEFA | B59: Slovenia | C59: 3 | E59: 2 | F59: 1 | G59: 10 | H59: 53 | I59: 12 | J59: 136 | K59: 35 | L59: 84 | M59: 17 | N59: 78 | O59: 58
A60: UEFA | B60: Spain | C60: 21 | D60: 2 | E60: 15 | G60: 4 | H60: 137 | I60: 58 | J60: 80 | K60: 101 | L60: 124 | M60: 27 | N60: 59 | O60: 38
A61: UEFA | B61: Sweden | C61: 10 | D61: 1 | E61: 7 | G61: 15 | H61: 76 | I61: 25 | J61: 196 | K61: 59 | L61: 129 | M61: 37 | N61: 111 | O61: 98
A62: UEFA | B62: Switzerland | C62: 14 | D62: 2 | E62: 12 | G62: 4 | H62: 65 | I62: 32 | J62: 88 | K62: 48 | L62: 98 | M62: 23 | N62: 58 | O62: 75
A63: UEFA | B63: Türkiye | C63: 19 | D63: 1 | E63: 13 | F63: 1 | G63: 20 | H63: 105 | I63: 37 | J63: 187 | K63: 80 | L63: 112 | M63: 21 | N63: 74 | O63: 86
A64: UEFA | B64: Ukraine | C64: 11 | E64: 8 | G64: 16 | H64: 78 | I64: 32 | J64: 136 | K64: 53 | L64: 148 | M64: 26 | N64: 81 | O64: 57
A65: UEFA | B65: Wales | C65: 22 | D65: 3 | E65: 14 | G65: 13 | H65: 140 | I65: 60 | J65: 160 | K65: 109 | L65: 274 | M65: 70 | N65: 81 | O65: 95
A66: CAF | B66: Algeria | C66: 24 | D66: 2 | E66: 14 | G66: 16 | H66: 78 | I66: 34 | J66: 58 | K66: 59 | L66: 96 | M66: 25 | N66: 48 | O66: 46
A67: CAF | B67: Angola | C67: 9 | E67: 6 | G67: 13 | H67: 6 | I67: 6 | K67: 4
A68: CAF | B68: Benin | C68: 12 | E68: 9 | G68: 20 | H68: 19 | I68: 12 | J68: 31 | K68: 14 | L68: 16 | M68: 1 | N68: 28 | O68: 19
A69: CAF | B69: Botswana | C69: 12 | D69: 1 | E69: 6 | G69: 20 | H69: 20 | I69: 11 | J69: 25 | K69: 14 | L69: 8 | M69: 3 | N69: 12 | O69: 9
A70: CAF | B70: Burkina Faso | C70: 23 | D70: 3 | E70: 12 | G70: 18 | H70: 20 | I70: 19 | K70: 11
A71: CAF | B71: Burundi | C71: 13 | E71: 9 | F71: 1 | G71: 14 | H71: 13 | I71: 13 | K71: 9
A72: CAF | B72: Cabo Verde | C72: 16 | E72: 10 | G72: 11 | H72: 11 | I72: 11 | K72: 6
A73: CAF | B73: Cameroon | C73: 17 | D73: 3 | E73: 9 | G73: 19 | H73: 14 | I73: 14 | K73: 9
A74: CAF | B74: Central African Republic | C74: 11 | E74: 7 | G74: 23 | H74: 6 | I74: 6 | K74: 5
A75: CAF | B75: Chad | C75: 5 | E75: 4 | G75: 17 | H75: 3 | I75: 3 | K75: 2
A76: CAF | B76: Comoros | C76: 12 | E76: 10 | F76: 1 | G76: 15 | H76: 11 | I76: 11 | K76: 9
A77: CAF | B77: DR Congo | C77: 17 | E77: 15 | G77: 12 | H77: 20 | I77: 13 | J77: 22 | K77: 18 | L77: 16 | M77: 6 | N77: 12 | O77: 13
A78: CAF | B78: Djibouti | C78: 5 | D78: 2 | E78: 1 | F78: 1 | G78: 14 | H78: 4 | I78: 4
A79: CAF | B79: Egypt | C79: 20 | D79: 3 | E79: 14 | G79: 14 | H79: 14 | I79: 14 | K79: 10
A80: CAF | B80: Equatorial Guinea | C80: 8 | E80: 7 | G80: 16 | H80: 17 | I80: 10 | J80: 19 | K80: 14 | L80: 15 | N80: 18 | O80: 18
A81: CAF | B81: Eswatini | C81: 6 | E81: 3 | G81: 16 | H81: 3 | I81: 3 | K81: 2
A82: CAF | B82: Ethiopia | C82: 9 | D82: 2 | E82: 5 | G82: 16 | H82: 7 | I82: 7 | K82: 4
A83: CAF | B83: Gabon | C83: 23 | D83: 1 | E83: 14 | F83: 1 | G83: 22 | H83: 16 | I83: 16 | K83: 9
A84: CAF | B84: Gambia | C84: 27 | D84: 3 | E84: 21 | G84: 19 | H84: 18 | I84: 18 | K84: 14
A85: CAF | B85: Ghana | C85: 23 | D85: 2 | E85: 18 | G85: 12 | H85: 17 | I85: 17 | K85: 13
A86: CAF | B86: Guinea | C86: 11 | E86: 7 | G86: 13 | H86: 15 | I86: 9 | J86: 14 | K86: 7 | L86: 20 | M86: 3 | N86: 14 | O86: 10
A87: CAF | B87: Guinea Bissau | C87: 8 | E87: 7 | F87: 1 | G87: 17 | H87: 6 | I87: 6 | K87: 6
A88: CAF | B88: Ivory Coast | C88: 25 | D88: 4 | E88: 18 | G88: 11 | H88: 15 | I88: 15 | K88: 10
A89: CAF | B89: Kenya | C89: 18 | D89: 2 | E89: 10 | G89: 19 | H89: 12 | I89: 12 | K89: 6
A90: CAF | B90: Lesotho | C90: 9 | E90: 5 | G90: 17 | H90: 15 | I90: 7 | J90: 49 | K90: 10 | L90: 12 | M90: 2 | N90: 21 | O90: 23
A91: CAF | B91: Liberia | C91: 13 | D91: 1 | E91: 7 | F91: 1 | G91: 13 | H91: 16 | I91: 10 | J91: 41 | K91: 8 | L91: 29 | M91: 5 | N91: 24 | O91: 36
A92: CAF | B92: Libya | C92: 12 | D92: 1 | E92: 7 | F92: 1 | G92: 23 | H92: 9 | I92: 9 | K92: 7
A93: CAF | B93: Madagascar | C93: 17 | E93: 15 | F93: 1 | G93: 22 | H93: 12 | I93: 12 | K93: 10
A94: CAF | B94: Malawi | C94: 11 | E94: 3 | F94: 1 | G94: 15 | H94: 15 | I94: 7 | J94: 46 | K94: 8 | L94: 12 | M94: 2 | N94: 13 | O94: 13
A95: CAF | B95: Mali | C95: 17 | D95: 1 | E95: 14 | G95: 6 | H95: 10 | I95: 10 | K95: 9
A96: CAF | B96: Mauritania | C96: 4 | E96: 1 | G96: 15 | H96: 14 | I96: 5 | J96: 15 | K96: 6 | L96: 8 | M96: 2 | N96: 13 | O96: 14
A97: CAF | B97: Mauritius | C97: 7 | E97: 1 | G97: 11 | H97: 7 | I97: 7 | K97: 1
A98: CAF | B98: Morocco | C98: 22 | D98: 2 | E98: 14 | G98: 11 | H98: 125 | I98: 47 | J98: 108 | K98: 89 | L98: 169 | M98: 52 | N98: 108 | O98: 109
A99: CAF | B99: Mozambique | C99: 14 | D99: 1 | E99: 10 | G99: 12 | H99: 12 | I99: 12 | K99: 8
A100: CAF | B100: Namibia | C100: 13 | E100: 7 | G100: 23 | H100: 23 | I100: 12 | J100: 12 | K100: 19 | L100: 15 | M100: 5 | N100: 18 | O100: 23
...

Sheet AiScore_Jucatori
A1: Confederatie | B1: Echipa | C1: Jucator | D1: Statistica | E1: Valoare | F1: Valoare Nr
A2: AFC | B2: Qatar | C2: Akram Afif | D2: assists | E2: 11 | F2: 11
A3: AFC | B3: Japan | C3: Junya Ito | D3: assists | E3: 10 | F3: 10
A4: AFC | B4: Japan | C4: Takefusa Kubo | D4: assists | E4: 8 | F4: 8
A5: CONMEBOL | B5: Colombia | C5: James Rodríguez | D5: assists | E5: 7 | F5: 7
A6: UEFA | B6: Norway | C6: Martin Odegaard | D6: assists | E6: 7 | F6: 7
A7: CAF | B7: Ghana | C7: Jordan Ayew | D7: assists | E7: 7 | F7: 7
A8: AFC | B8: Iran | C8: Mehdi Taremi | D8: assists | E8: 7 | F8: 7
A9: AFC | B9: South Korea | C9: Lee Kang-In | D9: assists | E9: 6 | F9: 6
A10: AFC | B10: Jordan | C10: Yazan Al-Naimat | D10: assists | E10: 6 | F10: 6
A11: AFC | B11: Jordan | C11: Mahmoud Al-Mardi | D11: assists | E11: 6 | F11: 6
A12: UEFA | B12: Wales | C12: Sorba Thomas | D12: assists | E12: 5 | F12: 5
A13: CAF | B13: Gabon | C13: Guélor Kanga | D13: assists | E13: 5 | F13: 5
... A601: OFC | B601: New Caledonia | C601: Gérard Waia | D601: yellow_cards | E601: 1 | F601: 1

Sheet Elo_Echipe
A1: Rang Global | B1: Echipa | C1: Elo Actual | D1: Elo Max | E1: Elo Mediu | F1: Elo Min | G1: Schimb 1Y Elo | H1: Schimb 2Y Elo | I1: Schimb 5Y Elo | J1: Total Meciuri | K1: Victorii | L1: Egaluri | M1: Infrangeri | N1: Goluri Marcate | O1: Goluri Primite | P1: Dif. Goluri | Q1: Rata Victorii % | R1: Med. Goluri/Meci
A2: 1 | B2: Spain | C2: 2157 | D2: 2189 | E2: 1946 | F2: 1805 | G2: 0 | H2: 136 | I2: 124 | J2: 782 | K2: 462 | L2: 182 | M2: 138 | N2: 1595 | O2: 699 | P2: 896 | Q2: 59.1 | R2: 2.04
A3: 2 | B3: Argentina | C3: 2115 | D3: 2172 | E3: 1987 | F3: 1751 | G3: -17 | H3: -29 | I3: 131 | J3: 1111 | K3: 612 | L3: 271 | M3: 228 | N3: 2117 | O3: 1136 | P3: 981 | Q3: 55.1 | R3: 1.91
A4: 3 | B4: France | C4: 2063 | D4: 2135 | E4: 1795 | F4: 1514 | G4: 8 | H4: -13 | I4: -24 | J4: 940 | K4: 475 | L4: 195 | M4: 270 | N4: 1710 | O4: 1275 | P4: 435 | Q4: 50.5 | R4: 1.82
A5: 4 | B5: England | C5: 2024 | D5: 2213 | E5: 1983 | F5: 1810 | G5: 40 | H5: 44 | I5: 43 | J5: 1162 | K5: 685 | L5: 262 | M5: 215 | N5: 2723 | O5: 1118 | P5: 1605 | Q5: 59 | R5: 2.34
A6: 5 | B6: Brazil | C6: 1991 | D6: 2195 | E6: 1998 | F6: 1805 | G6: -10 | H6: -40 | I6: -160 | J6: 1067 | K6: 672 | L6: 223 | M6: 172 | N6: 2302 | O6: 957 | P6: 1345 | Q6: 63 | R6: 2.16
A7: 6 | B7: Portugal | C7: 1989 | D7: 2060 | E7: 1797 | F7: 1624 | G7: -41 | H7: -11 | I7: -50 | J7: 696 | K7: 348 | L7: 159 | M7: 189 | N7: 1226 | O7: 781 | P7: 445 | Q7: 50 | R7: 1.76
A8: 7 | B8: Colombia | C8: 1982 | D8: 2069 | E8: 1621 | F8: 1304 | G8: 32 | H8: -29 | I8: 54 | J8: 650 | K8: 267 | L8: 178 | M8: 205 | N8: 847 | O8: 742 | P8: 105 | Q8: 41.1 | R8: 1.3
A9: 8 | B9: Netherlands | C9: 1948 | D9: 2153 | E9: 1848 | F9: 1553 | G9: -27 | H9: -26 | I9: -1 | J9: 903 | K9: 466 | L9: 197 | M9: 240 | N9: 1894 | O9: 1144 | P9: 750 | Q9: 51.6 | R9: 2.1
A10: 9 | B10: Ecuador | C10: 1938 | D10: 1938 | E10: 1525 | F10: 1183 | G10: 33 | H10: 70 | I10: 145 | J10: 600 | K10: 185 | L10: 161 | M10: 254 | N10: 724 | O10: 904 | P10: -180 | Q10: 30.8 | R10: 1.21
A11: 10 | B11: Germany | C11: 1932 | D11: 2223 | E11: 1911 | F11: 1637 | G11: 19 | H11: 13 | I11: -3 | J11: 1047 | K11: 606 | L11: 217 | M11: 224 | N11: 2358 | O11: 1233 | P11: 1125 | Q11: 57.9 | R11: 2.25
A12: 11 | B12: Norway | C12: 1914 | D12: 1944 | E12: 1623 | F12: 1364 | G12: 48 | H12: 180 | I12: 176 | J12: 888 | K12: 335 | L12: 198 | M12: 355 | N12: 1377 | O12: 1445 | P12: -68 | Q12: 37.7 | R12: 1.55
A13: 12 | B13: Croatia | C13: 1912 | D13: 2015 | E13: 1881 | F13: 1780 | G13: -15 | H13: -56 | I13: 87 | J13: 400 | K13: 210 | L13: 106 | M13: 84 | N13: 696 | O13: 404 | P13: 292 | Q13: 52.5 | R13: 1.74
... A49: 96 | B49: Qatar | C49: 1421 | D49: 1771 | E49: 1416 | F49: 963 | G49: -96 | H49: -208 | I49: -233 | J49: 699 | K49: 289 | L49: 177 | M49: 233 | N49: 993 | O49: 826 | P49: 167 | Q49: 41.3 | R49: 1.42

Sheet WC_Predictii
A1: Data | B1: Acasa | C1: Deplasare | D1: Competitie | E1: Locatie | F1: Rang Acasa | G1: Rang Deplasare | H1: Elo Acasa | I1: Elo Deplasare | J1: Dif. Elo | K1: Sansa Acasa % | L1: Sansa Deplasare % | M1: Schimb Elo (Egal) | N1: Elo schimb (Acasa +1) | O1: Elo schimb (Deplasare +1)
A2: 2026-06-11 | B2: Czechia | C2: South Korea | D2: World Cup | E2: Mexico | F2: 35 | G2: 33 | H2: 1740 | I2: 1758 | J2: -18 | K2: 47 | L2: 53 | M2: 2 | N2: 32 | O2: 28
A3: 2026-06-11 | B3: Mexico | C3: South Africa | D3: World Cup | E3: Mexico | F3: 18 | G3: 80 | H3: 1875 | I3: 1517 | J3: 358 | K3: 93 | L3: 7 | M3: -26 | N3: 4 | O3: 56
A4: 2026-06-12 | B4: Canada | C4: Bosnia and Herzegovina | D4: World Cup | E4: Canada | F4: 25 | G4: 65 | H4: 1788 | I4: 1595 | J4: 193 | K4: 84 | L4: 16 | M4: -21 | N4: 9 | O4: 51
A5: 2026-06-12 | B5: United States | C5: Paraguay | D5: World Cup | E5: United States | F5: 39 | G5: 22 | H5: 1726 | I5: 1834 | J5: -108 | K5: 49 | L5: 51 | M5: 1 | N5: 31 | O5: 29
A6: 2026-06-13 | B6: Australia | C6: Turkey | D6: World Cup | E6: Canada | F6: 28 | G6: 13 | H6: 1777 | I6: 1911 | J6: -134 | K6: 32 | L6: 68 | M6: 11 | N6: 41 | O6: 19
A7: 2026-06-13 | B7: Brazil | C7: Morocco | D7: World Cup | E7: United States | F7: 5 | G7: 24 | H7: 1991 | I7: 1827 | J7: 164 | K7: 72 | L7: 28 | M7: -13 | N7: 17 | O7: 43
A8: 2026-06-13 | B8: Haiti | C8: Scotland | D8: World Cup | E8: United States | F8: 73 | G8: 26 | H8: 1548 | I8: 1782 | J8: -234 | K8: 21 | L8: 79 | M8: 18 | N8: 48 | O8: 12
A9: 2026-06-13 | B9: Qatar | C9: Switzerland | D9: World Cup | E9: United States | F9: 96 | G9: 17 | H9: 1421 | I9: 1891 | J9: -470 | K9: 6 | L9: 94 | M9: 26 | N9: 56 | O9: 4
A10: 2026-06-14 | B10: Curaçao | C10: Germany | D10: World Cup | E10: United States | F10: 91 | G10: 10 | H10: 1434 | I10: 1932 | J10: -498 | K10: 5 | L10: 95 | M10: 27 | N10: 57 | O10: 3
A11: 2026-06-14 | B11: Ecuador | C11: Ivory Coast | D11: World Cup | E11: United States | F11: 9 | G11: 49 | H11: 1938 | I11: 1695 | J11: 243 | K11: 80 | L11: 20 | M11: -18 | N11: 12 | O11: 48
A12: 2026-06-14 | B12: Japan | C12: Netherlands | D12: World Cup | E12: United States | F12: 14 | G12: 8 | H12: 1906 | I12: 1948 | J12: -42 | K12: 44 | L12: 56 | M12: 4 | N12: 34 | O12: 26
A13: 2026-06-14 | B13: Sweden | C13: Tunisia | D13: World Cup | E13: Mexico | F13: 43 | G13: 58 | H13: 1712 | I13: 1628 | J13: 84 | K13: 62 | L13: 38 | M13: -7 | N13: 23 | O13: 37
... A177: 2026-11-17 | B177: Wales | C177: Portugal | D177: European Nations League A | E177: Wales | F177: 50 | G177: 6 | H177: 1682 | I177: 1989 | J177: -307 | K177: 23 | L177: 77 | M177: 11 | N177: 31 | O177: 9
A178: 2026-11-17 | B178: Austria | C178: Israel | D178: European Nations League B | F178: 23 | G178: 56 | H178: 1830 | I178: 1647 | J178: 183 | K178: 74 | L178: 26 | M178: -10 | N178: 10 | O178: 30
A179: 2026-11-17 | B179: Bosnia and Herzegovina | C179: Romania | D179: European Nations League B | E179: Bosnia and Herzegovina | F179: 65 | G179: 57 | H179: 1595 | I179: 1639 | J179: -44 | K179: 58 | L179: 42 | M179: -3 | N179: 17 | O179: 23
A180: 2026-11-17 | B180: Poland | C180: Sweden | D180: European Nations League B | E180: Poland | F180: 44 | G180: 43 | H180: 1710 | I180: 1712 | J180: -2 | K180: 64 | L180: 36 | M180: -5 | N180: 15 | O180: 25
A181: 2026-11-00 | B181: Gambia | C181: Ivory Coast | D181: African Nations Cup qualifier | E181: Gambia | F181: 98 | G181: 49 | H181: 1419 | I181: 1695 | J181: -276 | K181: 27 | L181: 73 | M181: 9 | N181: 29 | O181: 11
A182: 2026-11-00 | B182: Kenya | C182: South Africa | D182: African Nations Cup qualifier | E182: Kenya | F182: 116 | G182: 80 | H182: 1363 | I182: 1517 | J182: -154 | K182: 42 | L182: 58 | M182: 3 | N182: 23 | O182: 17
A183: 2026-11-00 | B183: Liberia | C183: Cape Verde | D183: African Nations Cup qualifier | E183: Liberia | F183: 134 | G183: 68 | H183: 1304 | I183: 1578 | J183: -274 | K183: 27 | L183: 73 | M183: 9 | N183: 29 | O183: 11
A184: 2026-11-00 | B184: Libya | C184: Tunisia | D184: African Nations Cup qualifier | E184: Libya | F184: 97 | G184: 58 | H184: 1420 | I184: 1628 | J184: -208 | K184: 35 | L184: 65 | M184: 6 | N184: 26 | O184: 14
A185: 2026-11-00 | B185: Malawi | C185: Egypt | D185: African Nations Cup qualifier | E185: Malawi | F185: 151 | G185: 48 | H185: 1239 | I185: 1696 | J185: -457 | K185: 11 | L185: 89 | M185: 15 | N185: 35 | O185: 5
A186: 2026-11-00 | B186: Niger | C186: Morocco | D186: African Nations Cup qualifier | E186: Niger | F186: 105 | G186: 24 | H186: 1382 | I186: 1827 | J186: -445 | K186: 12 | L186: 88 | M186: 15 | N186: 35 | O186: 5
A187: 2026-11-00 | B187: Sierra Leone | C187: DR Congo | D187: African Nations Cup qualifier | E187: Sierra Leone | F187: 123 | G187: 55 | H187: 1341 | I187: 1652 | J187: -311 | K187: 23 | L187: 77 | M187: 11 | N187: 31 | O187: 9
A188: 2026-11-00 | B188: Somalia | C188: Ghana | D188: African Nations Cup qualifier | E188: Somalia | F188: 188 | G188: 81 | H188: 979 | I188: 1510 | J188: -531 | K188: 8 | L188: 92 | M188: 17 | N188: 37 | O188: 3
A189: 2026-11-00 | B189: Sudan | C189: Senegal | D189: African Nations Cup qualifier | E189: Sudan | F189: 119 | G189: 21 | H189: 1350 | I189: 1860 | J189: -510 | K189: 9 | L189: 91 | M189: 17 | N189: 37 | O189: 3
A190: 2026-11-00 | B190: Togo | C190: Algeria | D190: African Nations Cup qualifier | E190: Togo | F190: 108 | G190: 29 | H190: 1379 | I190: 1772 | J190: -393 | K190: 16 | L190: 84 | M190: 14 | N190: 34 | O190: 6
... A233: 2027-03-00 | B233: Tunisia | C233: Botswana | D233: African Nations Cup qualifier | E233: Tunisia | F233: 58 | G233: 148 | H233: 1628 | I233: 1267 | J233: 361 | K233: 93 | L233: 7 | M233: -17 | N233: 3 | O233: 37

Sheet WC_Calificari_Rezultate
A1: Data | B1: Acasa | C1: Deplasare | D1: Goluri Acasa | E1: Goluri Deplasare | F1: Competitie | G1: Locatie | H1: Elo Acasa | I1: Elo Deplasare | J1: Dif. Elo | K1: Schimb Elo (Acasa) | L1: Rang Acasa | M1: Rang Deplasare
A2: 2026-06-10 | B2: Algeria | C2: Bolivia | D2: 4 | E2: 0 | F2: Friendly | G2: United States | H2: 1772 | I2: 1621 | J2: 151 | K2: 12 | L2: 29 | M2: 59
A3: 2026-06-10 | B3: England | C3: Costa Rica | D3: 3 | E3: 0 | F3: Friendly | G3: United States | H3: 2024 | I3: 1608 | J3: 416 | K3: 3 | L3: 4 | M3: 62
A4: 2026-06-10 | B4: Portugal | C4: Nigeria | D4: 2 | E4: 1 | F4: Friendly | H4: 1989 | I4: 1767 | J4: 222 | K4: 3 | L4: 6 | M4: 32
A5: 2026-06-09 | B5: Argentina | C5: Iceland | D5: 3 | E5: 0 | F5: Friendly | G5: United States | H5: 2115 | I5: 1568 | J5: 547 | K5: 1 | L5: 2 | M5: 71
A6: 2026-06-09 | B6: Chile | C6: DR Congo | D6: 2 | E6: 1 | F6: Friendly | G6: France | H6: 1717 | I6: 1652 | J6: 65 | K6: 9 | L6: 40 | M6: 55
A7: 2026-06-09 | B7: Saudi Arabia | C7: Senegal | D7: 0 | E7: 0 | F7: Friendly | G7: United States | H7: 1576 | I7: 1860 | J7: -284 | K7: 7 | L7: 69 | M7: 21
A8: 2026-06-09 | B8: Venezuela | C8: Iraq | D8: 2 | E8: 0 | F8: Friendly | G8: United States | H8: 1733 | I8: 1607 | J8: 126 | K8: 11 | L8: 37 | M8: 63
A9: 2026-06-08 | B9: France | C9: Northern Ireland | D9: 3 | E9: 1 | F9: Friendly | H9: 2063 | I9: 1605 | J9: 458 | K9: 1 | L9: 3 | M9: 64
A10: 2026-06-08 | B10: Netherlands | C10: Uzbekistan | D10: 2 | E10: 1 | F10: Friendly | G10: United States | H10: 1948 | I10: 1714 | J10: 234 | K10: 4 | L10: 8 | M10: 41
A11: 2026-06-08 | B11: Spain | C11: Peru | D11: 3 | E11: 1 | F11: Friendly | G11: Mexico | H11: 2157 | I11: 1700 | J11: 457 | K11: 2 | L11: 1 | M11: 46
A12: 2026-06-07 | B12: Colombia | C12: Jordan | D12: 2 | E12: 0 | F12: Friendly | G12: United States | H12: 1982 | I12: 1680 | J12: 302 | K12: 5 | L12: 7 | M12: 52
A13: 2026-06-07 | B13: Croatia | C13: Slovenia | D13: 2 | E13: 1 | F13: Friendly | H13: 1912 | I13: 1682 | J13: 230 | K13: 3 | L13: 12 | M13: 50
A14: 2026-06-07 | B14: Ecuador | C14: Guatemala | D14: 3 | E14: 0 | F14: Friendly | G14: United States | H14: 1938 | I14: 1504 | J14: 434 | K14: 3 | L14: 9 | M14: 82
A15: 2026-06-07 | B15: Morocco | C15: Norway | D15: 1 | E15: 1 | F15: Friendly | G15: United States | H15: 1827 | I15: 1914 | J15: -87 | K15: 3 | L15: 24 | M15: 11
A16: 2026-06-06 | B16: Argentina | C16: Honduras | D16: 2 | E16: 0 | F16: Friendly | G16: United States | H16: 2114 | I16: 1570 | J16: 544 | K16: 1 | L16: 2 | M16: 69
A17: 2026-06-06 | B17: Australia | C17: Switzerland | D17: 1 | E17: 1 | F17: Friendly | G17: United States | H17: 1777 | I17: 1891 | J17: -114 | K17: 3 | L17: 28 | M17: 17
A18: 2026-06-06 | B18: Belgium | C18: Tunisia | D18: 5 | E18: 0 | F18: Friendly | H18: 1894 | I18: 1628 | J18: 266 | K18: 5 | L18: 15 | M18: 59
A19: 2026-06-06 | B19: Bosnia and Herzegovina | C19: Panama | D19: 1 | E19: 1 | F19: Friendly | G19: United States | H19: 1595 | I19: 1730 | J19: -135 | K19: 4 | L19: 65 | M19: 37
A20: 2026-06-06 | B20: Brazil | C20: Egypt | D20: 2 | E20: 1 | F20: Friendly | G20: United States | H20: 1991 | I20: 1696 | J20: 295 | K20: 3 | L20: 5 | M20: 48
A21: 2026-06-06 | B21: Cape Verde | C21: Bermuda | D21: 3 | E21: 0 | F21: Friendly | G21: United States | H21: 1578 | I21: 1117 | J21: 461 | K21: 2 | L21: 68 | M21: 171
A22: 2026-06-06 | B22: Curaçao | C22: Aruba | D22: 4 | E22: 0 | F22: Friendly | H22: 1434 | I22: 978 | J22: 456 | K22: 1 | L22: 91 | M22: 190
A23: 2026-06-06 | B23: El Salvador | C23: Qatar | D23: 0 | E23: 0 | F23: Friendly | G23: United States | H23: 1342 | I23: 1421 | J23: -79 | K23: 2 | L23: 123 | M23: 97
A24: 2026-06-06 | B24: England | C24: New Zealand | D24: 1 | E24: 0 | F24: Friendly | G24: United States | H24: 2021 | I24: 1562 | J24: 459 | K24: 1 | L24: 4 | M24: 72
A25: 2026-06-06 | B25: Jamaica | C25: South Africa | D25: 1 | E25: 1 | F25: Friendly | G25: Mexico | H25: 1527 | I25: 1517 | J25: 10 | K25: 0 | L25: 77 | M25: 80
A26: 2026-06-06 | B26: Portugal | C26: Chile | D26: 2 | E26: 1 | F26: Friendly | H26: 1986 | I26: 1708 | J26: 278 | K26: 2 | L26: 6 | M26: 44
A27: 2026-06-06 | B27: Scotland | C27: Bolivia | D27: 4 | E27: 0 | F27: Friendly | G27: United States | H27: 1782 | I27: 1633 | J27: 149 | K27: 12 | L27: 27 | M27: 58
A28: 2026-06-06 | B28: Turkey | C28: Venezuela | D28: 2 | E28: 1 | F28: Friendly | G28: United States | H28: 1911 | I28: 1722 | J28: 189 | K28: 5 | L28: 12 | M28: 39
A29: 2026-06-06 | B29: United States | C29: Germany | D29: 1 | E29: 2 | F29: Friendly | H29: 1726 | I29: 1932 | J29: -206 | K29: -7 | L29: 38 | M29: 10
A30: 2026-06-05 | B30: Canada | C30: Ireland | D30: 1 | E30: 1 | F30: Friendly | H30: 1788 | I30: 1699 | J30: 89 | K30: -5 | L30: 25 | M30: 47
A31: 2026-06-05 | B31: Paraguay | C31: Nicaragua | D31: 4 | E31: 0 | F31: Friendly | H31: 1834 | I31: 1333 | J31: 501 | K31: 1 | L31: 22 | M31: 126
A32: 2026-06-05 | B32: Peru | C32: Haiti | D32: 2 | E32: 1 | F32: Friendly | G32: United States | H32: 1702 | I32: 1548 | J32: 154 | K32: 6 | L32: 46 | M32: 73
A33: 2026-06-05 | B33: Saudi Arabia | C33: Puerto Rico | D33: 3 | E33: 0 | F33: Friendly | G33: United States | H33: 1569 | I33: 1135 | J33: 434 | K33: 3 | L33: 70 | M33: 165
A34: 2026-06-04 | B34: Czechia | C34: Guatemala | D34: 3 | E34: 1 | F34: Friendly | G34: United States | H34: 1740 | I34: 1507 | J34: 233 | K34: 7 | L34: 35 | M34: 82
A35: 2026-06-04 | B35: France | C35: Ivory Coast | D35: 1 | E35: 2 | F35: Friendly | H35: 2062 | I35: 1695 | J35: 367 | K35: -19 | L35: 3 | M35: 48
A36: 2026-06-04 | B36: Iran | C36: Mali | D36: 2 | E36: 0 | F36: Friendly | G36: Turkey | H36: 1772 | I36: 1588 | J36: 184 | K36: 8 | L36: 28 | M36: 67
A37: 2026-06-04 | B37: Mexico | C37: Serbia | D37: 5 | E37: 1 | F37: Friendly | H37: 1875 | I37: 1734 | J37: 141 | K37: 8 | L37: 18 | M37: 36
A38: 2026-06-04 | B38: Spain | C38: Iraq | D38: 1 | E38: 1 | F38: Friendly | H38: 2155 | I38: 1618 | J38: 537 | K38: -10 | L38: 1 | M38: 61
A39: 2026-06-04 | B39: Sweden | C39: Greece | D39: 2 | E39: 2 | F39: Friendly | H39: 1712 | I39: 1754 | J39: -42 | K39: -2 | L39: 42 | M39: 34
A40: 2026-06-03 | B40: Denmark | C40: DR Congo | D40: 0 | E40: 0 | F40: Friendly | G40: Belgium | H40: 1864 | I40: 1661 | J40: 203 | K40: -6 | L40: 20 | M40: 54
A41: 2026-06-03 | B41: Netherlands | C41: Algeria | D41: 0 | E41: 1 | F41: Friendly | H41: 1944 | I41: 1760 | J41: 184 | K41: -17 | L41: 8 | M41: 32
A42: 2026-06-03 | B42: Panama | C42: Dominican Republic | D42: 4 | E42: 2 | F42: Friendly | H42: 1734 | I42: 1283 | J42: 451 | K42: 1 | L42: 36 | M42: 146
A43: 2026-06-03 | B43: South Korea | C43: El Salvador | D43: 1 | E43: 0 | F43: Friendly | G43: United States | H43: 1758 | I43: 1340 | J43: 418 | K43: 2 | L43: 33 | M43: 121
A44: 2026-06-02 | B44: Croatia | C44: Belgium | D44: 0 | E44: 2 | F44: Friendly | H44: 1909 | I44: 1889 | J44: 20 | K44: -22 | L44: 12 | M44: 17
A45: 2026-06-02 | B45: Haiti | C45: New Zealand | D45: 4 | E45: 0 | F45: Friendly | G45: United States | H45: 1554 | I45: 1563 | J45: -9 | K45: 22 | L45: 73 | M45: 72
A46: 2026-06-02 | B46: Morocco | C46: Madagascar | D46: 4 | E46: 0 | F46: Friendly | H46: 1824 | I46: 1380 | J46: 444 | K46: 2 | L46: 24 | M46: 107
A47: 2026-06-02 | B47: Wales | C47: Ghana | D47: 1 | E47: 1 | F47: Friendly | H47: 1691 | I47: 1510 | J47: 181 | K47: -7 | L47: 50 | M47: 82
A48: 2026-06-01 | B48: Austria | C48: Tunisia | D48: 1 | E48: 0 | F48: Friendly | H48: 1830 | I48: 1633 | J48: 197 | K48: 3 | L48: 23 | M48: 59
A49: 2026-06-01 | B49: Canada | C49: Uzbekistan | D49: 2 | E49: 0 | F49: Friendly | H49: 1793 | I49: 1718 | J49: 75 | K49: 9 | L49: 25 | M49: 40
A50: 2026-06-01 | B50: Colombia | C50: Costa Rica | D50: 3 | E50: 1 | F50: Friendly | H50: 1977 | I50: 1611 | J50: 366 | K50: 2 | L50: 7 | M50: 62
A51: 2026-06-01 | B51: Norway | C51: Sweden | D51: 3 | E51: 1 | F51: Friendly | H51: 1917 | I51: 1714 | J51: 203 | K51: 5 | L51: 12 | M51: 41
A52: 2026-06-01 | B52: Turkey | C52: North Macedonia | D52: 4 | E52: 0 | F52: Friendly | H52: 1906 | I52: 1589 | J52: 317 | K52: 3 | L52: 13 | M52: 67
A53: 2026-05-31 | B53: Brazil | C53: Panama | D53: 6 | E53: 2 | F53: Friendly | H53: 1988 | I53: 1733 | J53: 255 | K53: 4 | L53: 5 | M53: 36
A54: 2026-05-31 | B54: Cape Verde | C54: Serbia | D54: 3 | E54: 0 | F54: Friendly | G54: Portugal | H54: 1576 | I54: 1742 | J54: -166 | K54: 27 | L54: 69 | M54: 35
A55: 2026-05-31 | B55: Czechia | C55: Kosovo | D55: 2 | E55: 1 | F55: Friendly | H55: 1733 | I55: 1714 | J55: 19 | K55: 7 | L55: 36 | M55: 42
A56: 2026-05-31 | B56: Germany | C56: Finland | D56: 4 | E56: 0 | F56: Friendly | H56: 1925 | I56: 1540 | J56: 385 | K56: 2 | L56: 11 | M56: 74
A57: 2026-05-31 | B57: Japan | C57: Iceland | D57: 1 | E57: 0 | F57: Friendly | H57: 1906 | I57: 1569 | J57: 337 | K57: 2 | L57: 13 | M57: 71
A58: 2026-05-31 | B58: Switzerland | C58: Jordan | D58: 4 | E58: 1 | F58: Friendly | H58: 1894 | I58: 1685 | J58: 209 | K58: 5 | L58: 15 | M58: 51
A59: 2026-05-31 | B59: United States | C59: Senegal | D59: 3 | E59: 2 | F59: Friendly | H59: 1733 | I59: 1867 | J59: -134 | K59: 12 | L59: 36 | M59: 18
A60: 2026-05-30 | B60: Ecuador | C60: Saudi Arabia | D60: 2 | E60: 1 | F60: Friendly | G60: United States | H60: 1935 | I60: 1566 | J60: 369 | K60: 2 | L60: 9 | M60: 71
A61: 2026-05-30 | B61: Mexico | C61: Australia | D61: 1 | E61: 0 | F61: Friendly | G61: United States | H61: 1867 | I61: 1774 | J61: 93 | K61: 8 | L61: 19 | M61: 26
A62: 2026-05-30 | B62: Scotland | C62: Curaçao | D62: 4 | E62: 1 | F62: Friendly | H62: 1770 | I62: 1433 | J62: 337 | K62: 3 | L62: 27 | M62: 91
A63: 2026-05-30 | B63: South Korea | C63: Trinidad and Tobago | D63: 5 | E63: 0 | F63: Friendly | G63: United States | H63: 1756 | I63: 1388 | J63: 368 | K63: 4 | L63: 33 | M63: 105
A64: 2026-05-29 | B64: Bosnia and Herzegovina | C64: North Macedonia | D64: 0 | E64: 0 | F64: Friendly | H64: 1591 | I64: 1592 | J64: -1 | K64: -3 | L64: 67 | M64: 66
A65: 2026-05-29 | B65: Iran | C65: Gambia | D65: 3 | E65: 1 | F65: Friendly | G65: Turkey | H65: 1764 | I65: 1419 | J65: 345 | K65: 4 | L65: 31 | M65: 99
A66: 2026-05-29 | B66: Iraq | C66: Andorra | D66: 1 | E66: 0 | F66: Friendly | G66: Spain | H66: 1608 | I66: 1076 | J66: 532 | K66: 1 | L66: 63 | M66: 175
A67: 2026-05-29 | B67: South Africa | C67: Nicaragua | D67: 0 | E67: 0 | F67: Friendly | H67: 1517 | I67: 1334 | J67: 183 | K67: -7 | L67: 79 | M67: 126
A68: 2026-05-28 | B68: Egypt | C68: Russia | D68: 1 | E68: 0 | F68: Friendly | H68: 1699 | I68: 1766 | J68: -67 | K68: 10 | L68: 46 | M68: 30
A69: 2026-05-28 | B69: Ireland | C69: Qatar | D69: 1 | E69: 0 | F69: Friendly | H69: 1694 | I69: 1423 | J69: 271 | K69: 2 | L69: 49 | M69: 96
A70: 2026-05-26 | B70: Morocco | C70: Burundi | D70: 5 | E70: 0 | F70: Friendly | H70: 1822 | I70: 1285 | J70: 537 | K70: 1 | L70: 24 | M70: 143
A71: 2026-05-22 | B71: Mexico | C71: Ghana | D71: 2 | E71: 0 | F71: Friendly | H71: 1859 | I71: 1503 | J71: 356 | K71: 2 | L71: 20 | M71: 82
A72: 2026-03-31 | B72: Bosnia and Herzegovina | C72: Italy | D72: 1 | E72: 1 | F72: World Cup qualifier | H72: 1594 | I72: 1856 | J72: -262 | K72: 10 | L72: 66 | M72: 21
A73: 2026-03-31 | B73: Czechia | C73: Denmark | D73: 2 | E73: 2 | F73: World Cup qualifier | H73: 1726 | I73: 1870 | J73: -144 | K73: 3 | L73: 40 | M73: 18
A74: 2026-03-31 | B74: DR Congo | C74: Jamaica | D74: 1 | E74: 0 | F74: World Cup qualifier | G74: Mexico | H74: 1655 | I74: 1535 | J74: 120 | K74: 15 | L74: 54 | M74: 76
A75: 2026-03-31 | B75: Iraq | C75: Bolivia | D75: 2 | E75: 1 | F75: World Cup qualifier | G75: Mexico | H75: 1607 | I75: 1645 | J75: -38 | K75: 25 | L75: 63 | M75: 57
A76: 2026-03-31 | B76: Kosovo | C76: Turkey | D76: 0 | E76: 1 | F76: World Cup qualifier | H76: 1721 | I76: 1903 | J76: -182 | K76: -17 | L76: 41 | M76: 14
A77: 2026-03-31 | B77: Sweden | C77: Poland | D77: 3 | E77: 2 | F77: World Cup qualifier | H77: 1719 | I77: 1729 | J77: -10 | K77: 17 | L77: 43 | M77: 37
A78: 2026-03-31 | B78: Australia | C78: Curaçao | D78: 5 | E78: 1 | F78: FIFA Series | H78: 1782 | I78: 1436 | J78: 346 | K78: 4 | L78: 26 | M78: 90
A79: 2026-03-31 | B79: Algeria | C79: Uruguay | D79: 0 | E79: 0 | F79: Friendly | G79: Italy | H79: 1743 | I79: 1892 | J79: -149 | K79: 4 | L79: 35 | M79: 15
A80: 2026-03-31 | B80: Argentina | C80: Zambia | D80: 5 | E80: 0 | F80: Friendly | H80: 2113 | I80: 1371 | J80: 742 | K80: 0 | L80: 2 | M80: 112
A81: 2026-03-31 | B81: Austria | C81: South Korea | D81: 1 | E81: 0 | F81: Friendly | H81: 1827 | I81: 1752 | J81: 75 | K81: 6 | L81: 23 | M81: 32
A82: 2026-03-31 | B82: Belgium | C82: Mexico | D82: 1 | E82: 1 | F82: Friendly | G82: United States | H82: 1867 | I82: 1857 | J82: 10 | K82: 0 | L82: 19 | M82: 20
A83: 2026-03-31 | B83: Brazil | C83: Croatia | D83: 3 | E83: 1 | F83: Friendly | G83: United States | H83: 1984 | I83: 1931 | J83: 53 | K83: 14 | L83: 5 | M83: 10
A84: 2026-03-31 | B84: Canada | C84: Tunisia | D84: 0 | E84: 0 | F84: Friendly tournament | H84: 1784 | I84: 1636 | J84: 148 | K84: -10 | L84: 25 | M84: 58
A85: 2026-03-31 | B85: Costa Rica | C85: Iran | D85: 0 | E85: 5 | F85: Al-Nashama Tournament | G85: Turkey | H85: 1613 | I85: 1760 | J85: -147 | K85: -21 | L85: 62 | M85: 31
A86: 2026-03-31 | B86: England | C86: Japan | D86: 0 | E86: 1 | F86: Friendly | H86: 2020 | I86: 1904 | J86: 116 | K86: -16 | L86: 4 | M86: 13
A87: 2026-03-31 | B87: Haiti | C87: Iceland | D87: 1 | E87: 1 | F87: Friendly tournament | G87: Canada | H87: 1532 | I87: 1571 | J87: -39 | K87: 2 | L87: 77 | M87: 69
A88: 2026-03-31 | B88: Ivory Coast | C88: Scotland | D88: 1 | E88: 0 | F88: Friendly | G88: England | H88: 1676 | I88: 1767 | J88: -91 | K88: 13 | L88: 52 | M88: 29
A89: 2026-03-31 | B89: Jordan | C89: Nigeria | D89: 2 | E89: 2 | F89: Al-Nashama Tournament | G89: Turkey | H89: 1690 | I89: 1752 | J89: -62 | K89: 3 | L89: 50 | M89: 32
A90: 2026-03-31 | B90: Morocco | C90: Paraguay | D90: 2 | E90: 1 | F90: Friendly | G90: France | H90: 1821 | I90: 1833 | J90: -12 | K90: 11 | L90: 24 | M90: 22
A91: 2026-03-31 | B91: Netherlands | C91: Ecuador | D91: 1 | E91: 1 | F91: Friendly | H91: 1961 | I91: 1933 | J91: 28 | K91: -4 | L91: 8 | M91: 9
A92: 2026-03-31 | B92: Norway | C92: Switzerland | D92: 0 | E92: 0 | F92: Friendly | H92: 1912 | I92: 1889 | J92: 23 | K92: -4 | L92: 12 | M92: 16
A93: 2026-03-31 | B93: Senegal | C93: Gambia | D93: 3 | E93: 1 | F93: Friendly | H93: 1879 | I93: 1423 | J93: 456 | K93: 1 | L93: 17 | M93: 97
A94: 2026-03-31 | B94: Serbia | C94: Saudi Arabia | D94: 2 | E94: 1 | F94: Friendly | H94: 1769 | I94: 1568 | J94: 201 | K94: 3 | L94: 28 | M94: 71
A95: 2026-03-31 | B95: South Africa | C95: Panama | D95: 1 | E95: 2 | F95: Friendly | H95: 1524 | I95: 1737 | J95: -213 | K95: -7 | L95: 79 | M95: 36
A96: 2026-03-31 | B96: Spain | C96: Egypt | D96: 0 | E96: 0 | F96: Friendly | H96: 2165 | I96: 1689 | J96: 476 | K96: -9 | L96: 1 | M96: 51
A97: 2026-03-31 | B97: United States | C97: Portugal | D97: 0 | E97: 2 | F97: Friendly | H97: 1721 | I97: 1984 | J97: -263 | K97: -9 | L97: 41 | M97: 5
A98: 2026-03-30 | B98: Cape Verde | C98: Finland | D98: 1 | E98: 1 | F98: FIFA Series | G98: New Zealand | H98: 1549 | I98: 1542 | J98: 7 | K98: 0 | L98: 73 | M98: 75
A99: 2026-03-30 | B99: New Zealand | C99: Chile | D99: 4 | E99: 1 | F99: FIFA Series | H99: 1585 | I99: 1710 | J99: -125 | K99: 33 | L99: 65 | M99: 43
A100: 2026-03-30 | B100: Uzbekistan | C100: Venezuela | D100: 0 | E100: 0 | F100: FIFA Series | H100: 1727 | I100: 1727 | J100: 0 | K100: -5 | L100: 40 | M100: 40
...

Sheet Rezultate_Recente_2022-2025
A1: Data | B1: Acasa | C1: Deplasare | D1: Goluri Acasa | E1: Goluri Deplasare | F1: Competitie | G1: Locatie | H1: Elo Acasa | I1: Elo Deplasare | J1: Dif. Elo | K1: Schimb Elo (Acasa) | L1: Rang Acasa | M1: Rang Deplasare
A2: 2022-01-05 | B2: Algeria | C2: Ghana | D2: 3 | E2: 0 | F2: Friendly | G2: Qatar | H2: 1807 | I2: 1592 | J2: 215 | K2: 8 | L2: 26 | M2: 64
A3: 2022-01-09 | B3: Cape Verde | C3: Ethiopia | D3: 1 | E3: 0 | F3: African Nations Cup | G3: Cameroon | H3: 1484 | I3: 1329 | J3: 155 | K3: 17 | L3: 86 | M3: 123
A4: 2022-01-10 | B4: Senegal | C4: Zimbabwe | D4: 1 | E4: 0 | F4: African Nations Cup | G4: Cameroon | H4: 1707 | I4: 1306 | J4: 401 | K4: 5 | L4: 42 | M4: 132
A5: 2022-01-10 | B5: Morocco | C5: Ghana | D5: 1 | E5: 0 | F5: African Nations Cup | G5: Cameroon | H5: 1778 | I5: 1578 | J5: 200 | K5: 14 | L5: 30 | M5: 66
A6: 2022-01-11 | B6: Nigeria | C6: Egypt | D6: 1 | E6: 0 | F6: African Nations Cup | G6: Cameroon | H6: 1669 | I6: 1632 | J6: 37 | K6: 26 | L6: 47 | M6: 53
A7: 2022-01-11 | B7: Algeria | C7: Sierra Leone | D7: 0 | E7: 0 | F7: African Nations Cup | G7: Cameroon | H7: 1785 | I7: 1356 | J7: 429 | K7: -22 | L7: 28 | M7: 113
A8: 2022-01-12 | B8: Mali | C8: Tunisia | D8: 1 | E8: 0 | F8: African Nations Cup | G8: Cameroon | H8: 1642 | I8: 1611 | J8: 31 | K8: 27 | L8: 52 | M8: 61
A9: 2022-01-12 | B9: Ivory Coast | C9: Equatorial Guinea | D9: 1 | E9: 0 | F9: African Nations Cup | G9: Cameroon | H9: 1657 | I9: 1416 | J9: 241 | K9: 11 | L9: 51 | M9: 97
A10: 2022-01-13 | B10: Burkina Faso | C10: Cape Verde | D10: 1 | E10: 0 | F10: African Nations Cup | G10: Cameroon | H10: 1575 | I10: 1464 | J10: 111 | K10: 20 | L10: 67 | M10: 87
A11: 2022-01-14 | B11: Morocco | C11: Comoros | D11: 2 | E11: 0 | F11: African Nations Cup | G11: Cameroon | H11: 1781 | I11: 1228 | J11: 553 | K11: 3 | L11: 30 | M11: 152
A12: 2022-01-14 | B12: Guinea | C12: Senegal | D12: 0 | E12: 0 | F12: African Nations Cup | G12: Cameroon | H12: 1432 | I12: 1690 | J12: -258 | K12: 17 | L12: 92 | M12: 43
A13: 2022-01-14 | B13: Gabon | C13: Ghana | D13: 1 | E13: 1 | F13: African Nations Cup | G13: Cameroon | H13: 1427 | I13: 1567 | J13: -140 | K13: 11 | L13: 95 | M13: 67
... A18: 2022-01-16 | B18: Equatorial Guinea | C18: Algeria | D18: 1 | E18: 0 | F18: African Nations Cup | G18: Cameroon | H18: 1461 | I18: 1740 | J18: -279 | K18: 45 | L18: 88 | M18: 33
A19: 2022-01-16 | B19: Peru | C19: Panama | D19: 1 | E19: 1 | F19: Friendly | H19: 1828 | I19: 1633 | J19: 195 | K19: -7 | L19: 23 | M19: 53
A20: 2022-01-16 | B20: Colombia | C20: Honduras | D20: 2 | E20: 1 | F20: Friendly | G20: United States | H20: 1906 | I20: 1493 | J20: 413 | K20: 2 | L20: 13 | M20: 84
A21: 2022-01-17 | B21: Cameroon | C21: Cape Verde | D21: 1 | E21: 1 | F21: African Nations Cup | H21: 1615 | I21: 1480 | J21: 135 | K21: -16 | L21: 61 | M21: 86
A22: 2022-01-18 | B22: Malawi | C22: Senegal | D22: 0 | E22: 0 | F22: African Nations Cup | G22: Cameroon | H22: 1312 | I22: 1670 | J22: -358 | K22: 20 | L22: 131 | M22: 46
A23: 2022-01-18 | B23: Gabon | C23: Morocco | D23: 2 | E23: 2 | F23: African Nations Cup | G23: Cameroon | H23: 1446 | I23: 1762 | J23: -316 | K23: 19 | L23: 92 | M23: 30
A24: 2022-01-18 | B24: Comoros | C24: Ghana | D24: 3 | E24: 2 | F24: African Nations Cup | G24: Cameroon | H24: 1272 | I24: 1523 | J24: -251 | K24: 44 | L24: 140 | M24: 76
A25: 2022-01-19 | B25: Egypt | C25: Sudan | D25: 1 | E25: 0 | F25: African Nations Cup | G25: Cameroon | H25: 1648 | I25: 1300 | J25: 348 | K25: 6 | L25: 51 | M25: 135
A26: 2022-01-20 | B26: Ivory Coast | C26: Algeria | D26: 3 | E26: 1 | F26: African Nations Cup | G26: Cameroon | H26: 1688 | I26: 1692 | J26: -4 | K26: 48 | L26: 44 | M26: 42
A27: 2022-01-20 | B27: Gambia | C27: Tunisia | D27: 1 | E27: 0 | F27: African Nations Cup | G27: Cameroon | H27: 1432 | I27: 1586 | J27: -154 | K27: 40 | L27: 94 | M27: 63
A28: 2022-01-21 | B28: South Korea | C28: Moldova | D28: 4 | E28: 0 | F28: Friendly | G28: Turkey | H28: 1796 | I28: 1185 | J28: 611 | K28: 1 | L28: 26 | M28: 161
A29: 2022-01-21 | B29: Iraq | C29: Uganda | D29: 1 | E29: 0 | F29: Friendly | H29: 1556 | I29: 1458 | J29: 98 | K29: 5 | L29: 67 | M29: 90
A30: 2022-01-23 | B30: Tunisia | C30: Nigeria | D30: 1 | E30: 0 | F30: African Nations Cup | G30: Cameroon | H30: 1618 | I30: 1657 | J30: -39 | K30: 32 | L30: 58 | M30: 51
A31: 2022-01-25 | B31: Senegal | C31: Cape Verde | D31: 2 | E31: 0 | F31: African Nations Cup | G31: Cameroon | H31: 1689 | I31: 1461 | J31: 228 | K31: 19 | L31: 43 | M31: 88
A32: 2022-01-25 | B32: Morocco | C32: Malawi | D32: 2 | E32: 1 | F32: African Nations Cup | G32: Cameroon | H32: 1765 | I32: 1309 | J32: 456 | K32: 3 | L32: 30 | M32: 130
A33: 2022-01-26 | B33: Egypt | C33: Ivory Coast | D33: 0 | E33: 0 | F33: African Nations Cup | G33: Cameroon | H33: 1651 | I33: 1685 | J33: -34 | K33: 3 | L33: 52 | M33: 44
A34: 2022-01-27 | B34: Uzbekistan | C34: South Sudan | D34: 3 | E34: 0 | F34: Friendly | G34: United Arab Emirates | H34: 1527 | I34: 1081 | J34: 446 | K34: 3 | L34: 73 | M34: 181
A35: 2022-01-27 | B35: Saudi Arabia | C35: Oman | D35: 1 | E35: 0 | F35: World Cup qualifier | H35: 1638 | I35: 1517 | J35: 121 | K35: 9 | L35: 53 | M35: 76
A36: 2022-01-27 | B36: Lebanon | C36: South Korea | D36: 0 | E36: 1 | F36: World Cup qualifier | H36: 1378 | I36: 1802 | J36: -424 | K36: -6 | L36: 105 | M36: 26
A37: 2022-01-27 | B37: Japan | C37: China | D37: 2 | E37: 0 | F37: World Cup qualifier | H37: 1767 | I37: 1498 | J37: 269 | K37: 7 | L37: 30 | M37: 82
A38: 2022-01-27 | B38: Iran | C38: Iraq | D38: 1 | E38: 0 | F38: World Cup qualifier | H38: 1841 | I38: 1552 | J38: 289 | K38: 4 | L38: 20 | M38: 66
A39: 2022-01-27 | B39: Australia | C39: Vietnam | D39: 4 | E39: 0 | F39: World Cup qualifier | H39: 1738 | I39: 1337 | J39: 401 | K39: 4 | L39: 33 | M39: 118
A40: 2022-01-27 | B40: United States | C40: El Salvador | D40: 1 | E40: 0 | F40: World Cup qualifier | H40: 1861 | I40: 1496 | J40: 365 | K40: 3 | L40: 15 | M40: 84
A41: 2022-01-27 | B41: Jamaica | C41: Mexico | D41: 1 | E41: 2 | F41: World Cup qualifier | H41: 1571 | I41: 1851 | J41: -280 | K41: -12 | L41: 65 | M41: 18
A42: 2022-01-27 | B42: Honduras | C42: Canada | D42: 0 | E42: 2 | F42: World Cup qualifier | H42: 1478 | I42: 1799 | J42: -321 | K42: -15 | L42: 86 | M42: 27
A43: 2022-01-27 | B43: Costa Rica | C43: Panama | D43: 1 | E43: 0 | F43: World Cup qualifier | H43: 1632 | I43: 1618 | J43: 14 | K43: 15 | L43: 54 | M43: 59
A44: 2022-01-27 | B44: Paraguay | C44: Uruguay | D44: 0 | E44: 1 | F44: World Cup qualifier | H44: 1710 | I44: 1866 | J44: -156 | K44: -19 | L44: 40 | M44: 14
A45: 2022-01-27 | B45: Ecuador | C45: Brazil | D45: 1 | E45: 1 | F45: World Cup qualifier | H45: 1858 | I45: 2139 | J45: -281 | K45: 10 | L45: 16 | M45: 1
A46: 2022-01-27 | B46: Chile | C46: Argentina | D46: 1 | E46: 2 | F46: World Cup qualifier | H46: 1784 | I46: 2110 | J46: -326 | K46: -9 | L46: 28 | M46: 3
A47: 2022-01-28 | B47: Jordan | C47: New Zealand | D47: 3 | E47: 1 | F47: Friendly | G47: United Arab Emirates | H47: 1544 | I47: 1513 | J47: 31 | K47: 15 | L47: 70 | M47: 78
A48: 2022-01-28 | B48: Colombia | C48: Peru | D48: 0 | E48: 1 | F48: World Cup qualifier | H48: 1877 | I48: 1861 | J48: 16 | K48: -29 | L48: 13 | M48: 15
A49: 2022-01-29 | B49: Burkina Faso | C49: Tunisia | D49: 1 | E49: 0 | F49: African Nations Cup | G49: Cameroon | H49: 1581 | I49: 1588 | J49: -7 | K49: 30 | L49: 65 | M49: 63
A50: 2022-01-30 | B50: Senegal | C50: Equatorial Guinea | D50: 3 | E50: 1 | F50: African Nations Cup | G50: Cameroon | H50: 1707 | I50: 1473 | J50: 234 | K50: 18 | L50: 41 | M50: 85
A51: 2022-01-30 | B51: Egypt | C51: Morocco | D51: 2 | E51: 1 | F51: African Nations Cup | G51: Cameroon | H51: 1684 | I51: 1732 | J51: -48 | K51: 33 | L51: 45 | M51: 34
A52: 2022-01-30 | B52: Panama | C52: Jamaica | D52: 3 | E52: 2 | F52: World Cup qualifier | H52: 1630 | I52: 1559 | J52: 71 | K52: 12 | L52: 56 | M52: 66
A53: 2022-01-30 | B53: Mexico | C53: Costa Rica | D53: 0 | E53: 0 | F53: World Cup qualifier | H53: 1836 | I53: 1647 | J53: 189 | K53: -15 | L53: 20 | M53: 53
A54: 2022-01-30 | B54: Canada | C54: United States | D54: 2 | E54: 0 | F54: World Cup qualifier | H54: 1826 | I54: 1834 | J54: -8 | K54: 27 | L54: 24 | M54: 22
A55: 2022-01-31 | B55: Jordan | C55: South Sudan | D55: 2 | E55: 1 | F55: Friendly | G55: United Arab Emirates | H55: 1545 | I55: 1080 | J55: 465 | K55: 1 | L55: 70 | M55: 181
A56: 2022-02-01 | B56: Bahrain | C56: DR Congo | D56: 1 | E56: 0 | F56: Friendly | H56: 1521 | I56: 1502 | J56: 19 | K56: 7 | L56: 77 | M56: 81
A57: 2022-02-01 | B57: South Korea | C57: Syria | D57: 2 | E57: 0 | F57: World Cup qualifier | G57: United Arab Emirates | H57: 1808 | I57: 1404 | J57: 404 | K57: 6 | L57: 27 | M57: 100
A58: 2022-02-01 | B58: Oman | C58: Australia | D58: 2 | E58: 2 | F58: World Cup qualifier | H58: 1524 | I58: 1731 | J58: -207 | K58: 7 | L58: 75 | M58: 34
A59: 2022-02-01 | B59: Lebanon | C59: Iraq | D59: 1 | E59: 1 | F59: World Cup qualifier | H59: 1382 | I59: 1548 | J59: -166 | K59: 4 | L59: 105 | M59: 68
A60: 2022-02-01 | B60: Japan | C60: Saudi Arabia | D60: 2 | E60: 0 | F60: World Cup qualifier | H60: 1780 | I60: 1625 | J60: 155 | K60: 13 | L60: 29 | M60: 59
A61: 2022-02-01 | B61: Iran | C61: United Arab Emirates | D61: 1 | E61: 0 | F61: World Cup qualifier | H61: 1844 | I61: 1501 | J61: 343 | K61: 3 | L61: 19 | M61: 82
A62: 2022-02-01 | B62: Uruguay | C62: Venezuela | D62: 4 | E62: 1 | F62: World Cup qualifier | H62: 1879 | I62: 1691 | J62: 188 | K62: 13 | L62: 13 | M62: 43
A63: 2022-02-01 | B63: Peru | C63: Ecuador | D63: 1 | E63: 1 | F63: World Cup qualifier | H63: 1855 | I63: 1864 | J63: -9 | K63: -6 | L63: 17 | M63: 15
A64: 2022-02-01 | B64: Brazil | C64: Paraguay | D64: 4 | E64: 0 | F64: World Cup qualifier | H64: 2142 | I64: 1707 | J64: 435 | K64: 3 | L64: 1 | M64: 40
A65: 2022-02-01 | B65: Argentina | C65: Colombia | D65: 1 | E65: 0 | F65: World Cup qualifier | H65: 2115 | I65: 1872 | J65: 243 | K65: 5 | L65: 2 | M65: 14
A66: 2022-02-02 | B66: Senegal | C66: Burkina Faso | D66: 3 | E66: 1 | F66: African Nations Cup | G66: Cameroon | H66: 1731 | I66: 1557 | J66: 174 | K66: 24 | L66: 34 | M66: 65
A67: 2022-02-02 | B67: United States | C67: Honduras | D67: 3 | E67: 0 | F67: World Cup qualifier | H67: 1838 | I67: 1437 | J67: 401 | K67: 4 | L67: 22 | M67: 94
A68: 2022-02-02 | B68: Mexico | C68: Panama | D68: 1 | E68: 0 | F68: World Cup qualifier | H68: 1842 | I68: 1624 | J68: 218 | K68: 6 | L68: 20 | M68: 59
A69: 2022-02-02 | B69: El Salvador | C69: Canada | D69: 0 | E69: 2 | F69: World Cup qualifier | H69: 1518 | I69: 1841 | J69: -323 | K69: -15 | L69: 77 | M69: 21
A70: 2022-02-03 | B70: Cameroon | C70: Egypt | D70: 0 | E70: 0 | F70: African Nations Cup | H70: 1629 | I70: 1687 | J70: -58 | K70: -3 | L70: 54 | M70: 44
A71: 2022-02-06 | B71: Egypt | C71: Senegal | D71: 0 | E71: 0 | F71: African Nations Cup | G71: Cameroon | H71: 1690 | I71: 1728 | J71: -38 | K71: 3 | L71: 44 | M71: 36
A72: 2022-03-18 | B72: Iraq | C72: Zambia | D72: 3 | E72: 1 | F72: Friendly | H72: 1554 | I72: 1418 | J72: 136 | K72: 6 | L72: 66 | M72: 98
A73: 2022-03-18 | B73: New Zealand | C73: Papua New Guinea | D73: 1 | E73: 0 | F73: World Cup qualifier | G73: Qatar | H73: 1517 | I73: 1146 | J73: 371 | K73: 4 | L73: 78 | M73: 170
A74: 2022-03-21 | B74: New Zealand | C74: Fiji | D74: 4 | E74: 0 | F74: World Cup qualifier | G74: Qatar | H74: 1531 | I74: 1249 | J74: 282 | K74: 14 | L74: 72 | M74: 146
A75: 2022-03-23 | B75: Cape Verde | C75: Guadeloupe | D75: 2 | E75: 0 | F75: Friendly | G75: France | H75: 1467 | I75: 1206 | J75: 261 | K75: 6 | L75: 85 | M75: 157
A76: 2022-03-24 | B76: Scotland | C76: Poland | D76: 1 | E76: 1 | F76: Friendly | H76: 1726 | I76: 1771 | J76: -45 | K76: -2 | L76: 36 | M76: 30
A77: 2022-03-24 | B77: South Korea | C77: Iran | D77: 2 | E77: 0 | F77: World Cup qualifier | H77: 1833 | I77: 1819 | J77: 14 | K77: 25 | L77: 22 | M77: 24
A78: 2022-03-24 | B78: Iraq | C78: United Arab Emirates | D78: 1 | E78: 0 | F78: World Cup qualifier | G78: Saudi Arabia | H78: 1571 | I78: 1484 | J78: 87 | K78: 17 | L78: 65 | M78: 84
A79: 2022-03-24 | B79: China | C79: Saudi Arabia | D79: 1 | E79: 1 | F79: World Cup qualifier | G79: United Arab Emirates | H79: 1472 | I79: 1616 | J79: -144 | K79: 9 | L79: 85 | M79: 58
A80: 2022-03-24 | B80: Australia | C80: Japan | D80: 0 | E80: 2 | F80: World Cup qualifier | H80: 1697 | I80: 1814 | J80: -117 | K80: -34 | L80: 41 | M80: 28
A81: 2022-03-24 | B81: New Zealand | C81: New Caledonia | D81: 7 | E81: 1 | F81: World Cup qualifier | G81: Qatar | H81: 1543 | I81: 1207 | J81: 336 | K81: 12 | L81: 70 | M81: 155
A82: 2022-03-24 | B82: Wales | C82: Austria | D82: 2 | E82: 1 | F82: World Cup qualifier | H82: 1845 | I82: 1721 | J82: 124 | K82: 9 | L82: 17 | M82: 38
A83: 2022-03-24 | B83: Sweden | C83: Czechia | D83: 1 | E83: 0 | F83: World Cup qualifier | H83: 1836 | I83: 1818 | J83: 18 | K83: 15 | L83: 20 | M83: 25
A84: 2022-03-24 | B84: Portugal | C84: Turkey | D84: 3 | E84: 1 | F84: World Cup qualifier | H84: 1979 | I84: 1719 | J84: 260 | K84: 7 | L84: 8 | M84: 39
A85: 2022-03-24 | B85: Panama | C85: Honduras | D85: 1 | E85: 1 | F85: World Cup qualifier | H85: 1610 | I85: 1451 | J85: 159 | K85: -14 | L85: 60 | M85: 90
A86: 2022-03-24 | B86: Mexico | C86: United States | D86: 0 | E86: 0 | F86: World Cup qualifier | H86: 1836 | I86: 1844 | J86: -8 | K86: -6 | L86: 20 | M86: 18
A87: 2022-03-24 | B87: Costa Rica | C87: Canada | D87: 1 | E87: 0 | F87: World Cup qualifier | H87: 1692 | I87: 1817 | J87: -125 | K87: 24 | L87: 42 | M87: 26
A88: 2022-03-24 | B88: Uruguay | C88: Peru | D88: 1 | E88: 0 | F88: World Cup qualifier | H88: 1892 | I88: 1842 | J88: 50 | K88: 13 | L88: 13 | M88: 19
A89: 2022-03-24 | B89: Paraguay | C89: Ecuador | D89: 3 | E89: 1 | F89: World Cup qualifier | H89: 1742 | I89: 1829 | J89: -87 | K89: 35 | L89: 32 | M89: 23
A90: 2022-03-24 | B90: Colombia | C90: Bolivia | D90: 3 | E90: 0 | F90: World Cup qualifier | H90: 1881 | I90: 1641 | J90: 240 | K90: 9 | L90: 14 | M90: 54
A91: 2022-03-24 | B91: Brazil | C91: Chile | D91: 4 | E91: 0 | F91: World Cup qualifier | H91: 2148 | I91: 1797 | J91: 351 | K91: 6 | L91: 1 | M91: 29
A92: 2022-03-25 | B92: Uzbekistan | C92: Kyrgyzstan | D92: 3 | E92: 1 | F92: Navruz Cup | H92: 1532 | I92: 1275 | J92: 257 | K92: 5 | L92: 73 | M92: 139
A93: 2022-03-25 | B93: Norway | C93: Slovakia | D93: 2 | E93: 0 | F93: Friendly | H93: 1741 | I93: 1659 | J93: 82 | K93: 8 | L93: 33 | M93: 51
A94: 2022-03-25 | B94: Guinea | C94: South Africa | D94: 0 | E94: 0 | F94: Friendly | G94: Belgium | H94: 1380 | I94: 1543 | J94: -163 | K94: 5 | L94: 106 | M94: 69
A95: 2022-03-25 | B95: France | C95: Ivory Coast | D95: 2 | E95: 1 | F95: Friendly | H95: 2115 | I95: 1684 | J95: 431 | K95: 1 | L95: 3 | M95: 46
A96: 2022-03-25 | B96: Cape Verde | C96: Liechtenstein | D96: 6 | E96: 0 | F96: Friendly | G96: Spain | H96: 1471 | I96: 1089 | J96: 382 | K96: 4 | L96: 86 | M96: 180
A97: 2022-03-25 | B97: Bosnia and Herzegovina | C97: Georgia | D97: 0 | E97: 1 | F97: Friendly | H97: 1586 | I97: 1563 | J97: 23 | K97: -14 | L97: 63 | M97: 66
A98: 2022-03-25 | B98: Mali | C98: Tunisia | D98: 0 | E98: 1 | F98: World Cup qualifier | H98: 1598 | I98: 1616 | J98: -18 | K98: -28 | L98: 61 | M98: 56
A99: 2022-03-25 | B99: Ghana | C99: Nigeria | D99: 0 | E99: 0 | F99: World Cup qualifier | H99: 1525 | I99: 1655 | J99: -130 | K99: 2 | L99: 76 | M99: 52
A100: 2022-03-25 | B100: Egypt | C100: Senegal | D100: 1 | E100: 0 | F100: World Cup qualifier | H100: 1706 | I100: 1712 | J100: -6 | K100: 16 | L100: 42 | M100: 41
A101: 2022-03-25 | B101: DR Congo | C101: Morocco | D101: 1 | E101: 1 | F101: World Cup qualifier | H101: 1509 | I101: 1725 | J101: -216 | K101: 7 | L101: 80 | M101: 35
A102: 2022-03-25 | B102: Cameroon | C102: Algeria | D102: 0 | E102: 1 | F102: World Cup qualifier | H102: 1597 | I102: 1713 | J102: -116 | K102: -21 | L102: 62 | M102: 40
A103: 2022-03-25 | B103: Argentina | C103: Venezuela | D103: 3 | E103: 0 | F103: World Cup qualifier | H103: 2118 | I103: 1688 | J103: 430 | K103: 3 | L103: 2 | M103: 45
A104: 2022-03-26 | B104: Spain | C104: Albania | D104: 2 | E104: 1 | F104: Friendly | H104: 2038 | I104: 1585 | J104: 453 | K104: 1 | L104: 5 | M104: 64
...
